-- MySqlBackup.NET 2.0.9.2
-- Dump Time: 2018-05-12 19:16:27
-- --------------------------------------
-- Server version 5.7.21-log MySQL Community Server (GPL)


/*!40101 SET @OLD_CHARACTER_SET_CLIENT=@@CHARACTER_SET_CLIENT */;
/*!40101 SET @OLD_CHARACTER_SET_RESULTS=@@CHARACTER_SET_RESULTS */;
/*!40101 SET @OLD_COLLATION_CONNECTION=@@COLLATION_CONNECTION */;
/*!40101 SET NAMES utf8 */;
/*!40014 SET @OLD_UNIQUE_CHECKS=@@UNIQUE_CHECKS, UNIQUE_CHECKS=0 */;
/*!40014 SET @OLD_FOREIGN_KEY_CHECKS=@@FOREIGN_KEY_CHECKS, FOREIGN_KEY_CHECKS=0 */;
/*!40101 SET @OLD_SQL_MODE=@@SQL_MODE, SQL_MODE='NO_AUTO_VALUE_ON_ZERO' */;
/*!40111 SET @OLD_SQL_NOTES=@@SQL_NOTES, SQL_NOTES=0 */;


-- 
-- Definition of agregados
-- 

DROP TABLE IF EXISTS `agregados`;
CREATE TABLE IF NOT EXISTS `agregados` (
  `id` int(11) NOT NULL AUTO_INCREMENT,
  `nombre` varchar(25) DEFAULT NULL,
  `cobro_extra` int(11) DEFAULT NULL,
  `font_size` int(11) NOT NULL DEFAULT '20',
  PRIMARY KEY (`id`)
) ENGINE=InnoDB AUTO_INCREMENT=7 DEFAULT CHARSET=utf8;

-- 
-- Dumping data for table agregados
-- 

/*!40000 ALTER TABLE `agregados` DISABLE KEYS */;
INSERT INTO `agregados`(`id`,`nombre`,`cobro_extra`,`font_size`) VALUES
(1,'ARROZ',0,20),
(2,'PURE',0,20),
(3,'PAPAS FRITAS',500,20),
(4,'ENSALADA',0,20),
(5,'PAPASMAYO',0,20),
(6,'CHILENA',NULL,20);
/*!40000 ALTER TABLE `agregados` ENABLE KEYS */;

-- 
-- Definition of bodega_movimiento
-- 

DROP TABLE IF EXISTS `bodega_movimiento`;
CREATE TABLE IF NOT EXISTS `bodega_movimiento` (
  `id` int(11) NOT NULL AUTO_INCREMENT,
  `producto_id` int(11) DEFAULT NULL,
  `fecha` datetime DEFAULT NULL,
  `jornada_id` int(11) DEFAULT NULL,
  `entrada` decimal(12,2) DEFAULT NULL,
  `salida` decimal(12,2) DEFAULT NULL,
  PRIMARY KEY (`id`),
  KEY `producto_id` (`producto_id`),
  KEY `jornada_id` (`jornada_id`),
  CONSTRAINT `bodega_movimiento_ibfk_1` FOREIGN KEY (`producto_id`) REFERENCES `productos` (`id`) ON DELETE CASCADE ON UPDATE CASCADE,
  CONSTRAINT `bodega_movimiento_ibfk_2` FOREIGN KEY (`jornada_id`) REFERENCES `jornadas` (`id`) ON DELETE CASCADE ON UPDATE CASCADE
) ENGINE=InnoDB DEFAULT CHARSET=utf8;

-- 
-- Dumping data for table bodega_movimiento
-- 

/*!40000 ALTER TABLE `bodega_movimiento` DISABLE KEYS */;

/*!40000 ALTER TABLE `bodega_movimiento` ENABLE KEYS */;

-- 
-- Definition of bodega_stock
-- 

DROP TABLE IF EXISTS `bodega_stock`;
CREATE TABLE IF NOT EXISTS `bodega_stock` (
  `id` int(11) NOT NULL AUTO_INCREMENT,
  `producto_id` int(11) DEFAULT NULL,
  `stock` decimal(12,2) DEFAULT NULL,
  PRIMARY KEY (`id`),
  KEY `producto_id` (`producto_id`),
  CONSTRAINT `bodega_stock_ibfk_1` FOREIGN KEY (`producto_id`) REFERENCES `productos` (`id`) ON DELETE CASCADE ON UPDATE CASCADE
) ENGINE=InnoDB AUTO_INCREMENT=4 DEFAULT CHARSET=utf8;

-- 
-- Dumping data for table bodega_stock
-- 

/*!40000 ALTER TABLE `bodega_stock` DISABLE KEYS */;
INSERT INTO `bodega_stock`(`id`,`producto_id`,`stock`) VALUES
(1,175,10.00),
(3,178,10.00);
/*!40000 ALTER TABLE `bodega_stock` ENABLE KEYS */;

-- 
-- Definition of boletas
-- 

DROP TABLE IF EXISTS `boletas`;
CREATE TABLE IF NOT EXISTS `boletas` (
  `id` int(11) NOT NULL AUTO_INCREMENT,
  `numero_boleta` int(11) DEFAULT NULL,
  `fecha` datetime NOT NULL,
  `puntos_cantidad` int(11) DEFAULT NULL,
  `total` int(11) DEFAULT NULL,
  `cliente_id` int(11) DEFAULT NULL,
  `usuario_id` int(11) DEFAULT NULL,
  PRIMARY KEY (`id`),
  KEY `boletas_ibfk_1` (`cliente_id`),
  KEY `boletas_ibfk_2` (`usuario_id`),
  CONSTRAINT `boletas_ibfk_1` FOREIGN KEY (`cliente_id`) REFERENCES `clientes` (`id`) ON DELETE SET NULL ON UPDATE CASCADE,
  CONSTRAINT `boletas_ibfk_2` FOREIGN KEY (`usuario_id`) REFERENCES `usuarios` (`id`) ON DELETE SET NULL ON UPDATE CASCADE
) ENGINE=InnoDB AUTO_INCREMENT=293 DEFAULT CHARSET=utf8;

-- 
-- Dumping data for table boletas
-- 

/*!40000 ALTER TABLE `boletas` DISABLE KEYS */;
INSERT INTO `boletas`(`id`,`numero_boleta`,`fecha`,`puntos_cantidad`,`total`,`cliente_id`,`usuario_id`) VALUES
(1,NULL,'2017-12-05 17:51:53',0,19500,NULL,22),
(2,NULL,'2017-12-06 03:15:56',0,6000,NULL,22),
(3,NULL,'2017-12-06 04:39:45',0,13500,NULL,22),
(4,NULL,'2017-12-06 04:58:28',0,7500,NULL,22),
(5,NULL,'2017-12-06 04:58:34',0,6500,NULL,22),
(6,NULL,'2017-12-06 14:38:07',0,9000,NULL,22),
(7,NULL,'2017-12-06 14:38:43',0,5000,NULL,22),
(8,NULL,'2017-12-06 14:49:50',0,5000,NULL,22),
(9,NULL,'2017-12-06 14:59:53',0,4500,NULL,22),
(10,NULL,'2017-12-06 17:49:33',0,1500,NULL,22),
(11,NULL,'2017-12-06 17:51:26',0,6500,NULL,22),
(12,NULL,'2017-12-06 19:03:52',0,16000,NULL,22),
(13,NULL,'2017-12-06 19:06:50',0,1500,NULL,22),
(14,NULL,'2017-12-06 19:13:19',0,9000,NULL,22),
(15,NULL,'2017-12-06 19:14:17',0,12000,NULL,22),
(16,NULL,'2017-12-06 19:14:24',0,11000,NULL,22),
(17,NULL,'2017-12-06 19:16:50',0,4500,NULL,22),
(18,NULL,'2017-12-06 19:25:48',0,8500,NULL,22),
(19,NULL,'2017-12-07 20:55:57',0,3000,NULL,22),
(20,NULL,'2017-12-14 20:03:47',0,4000,NULL,22),
(21,NULL,'2017-12-14 20:04:11',0,8000,NULL,22),
(22,NULL,'2017-12-14 20:07:33',0,9000,NULL,22),
(23,NULL,'2017-12-14 20:09:17',0,11500,NULL,22),
(24,NULL,'2017-12-15 19:49:17',0,8000,NULL,22),
(25,NULL,'2017-12-16 16:19:50',0,7500,NULL,22),
(26,NULL,'2017-12-16 16:21:18',0,3000,NULL,22),
(27,NULL,'2017-12-16 16:21:25',0,1500,NULL,22),
(28,NULL,'2017-12-16 16:21:39',0,1500,NULL,22),
(29,NULL,'2017-12-16 16:29:01',0,1500,NULL,22),
(30,NULL,'2017-12-16 16:31:14',0,1500,NULL,22),
(31,NULL,'2017-12-16 16:33:47',0,1500,NULL,22),
(32,NULL,'2017-12-16 16:34:22',0,4000,NULL,22),
(33,NULL,'2017-12-16 16:37:41',0,4000,NULL,22),
(34,NULL,'2017-12-16 16:42:54',0,1500,NULL,22),
(35,NULL,'2017-12-16 16:43:17',0,4000,NULL,22),
(36,NULL,'2017-12-16 16:43:38',0,4500,NULL,22),
(37,NULL,'2017-12-16 16:58:43',0,4000,NULL,22),
(38,NULL,'2017-12-16 16:58:50',0,4500,NULL,22),
(39,NULL,'2017-12-16 16:59:26',0,4000,NULL,22),
(40,NULL,'2017-12-16 17:01:45',0,1500,NULL,22),
(41,NULL,'2017-12-16 17:06:10',0,5500,NULL,22),
(42,NULL,'2017-12-16 17:07:42',0,1500,NULL,22),
(43,NULL,'2017-12-16 17:07:59',0,7000,NULL,22),
(44,NULL,'2017-12-16 17:13:32',0,1500,NULL,22),
(45,NULL,'2017-12-16 17:29:03',0,4000,NULL,22),
(46,NULL,'2017-12-16 17:29:17',0,7000,NULL,22),
(47,NULL,'2017-12-16 17:47:26',0,9500,NULL,22),
(48,NULL,'2017-12-16 17:50:48',0,4000,NULL,22),
(49,NULL,'2017-12-16 17:54:18',0,4000,NULL,22),
(50,NULL,'2017-12-16 17:55:12',0,4000,NULL,22),
(51,NULL,'2017-12-16 17:58:35',0,11000,NULL,22),
(52,NULL,'2017-12-16 18:01:17',0,11000,NULL,22),
(53,NULL,'2017-12-16 18:02:57',0,8000,NULL,22),
(54,NULL,'2017-12-16 18:03:35',0,12000,NULL,22),
(55,NULL,'2017-12-16 18:14:54',0,31500,NULL,22),
(56,NULL,'2017-12-16 18:19:35',0,28000,NULL,22),
(57,NULL,'2017-12-16 18:27:46',0,26000,NULL,22),
(58,NULL,'2017-12-17 12:07:52',0,3000,NULL,22),
(59,NULL,'2017-12-17 12:07:56',0,5500,NULL,22),
(60,NULL,'2017-12-17 15:10:44',0,4000,NULL,22),
(61,NULL,'2017-12-17 15:11:01',0,4000,NULL,22),
(62,NULL,'2017-12-17 15:13:07',0,8000,NULL,22),
(63,NULL,'2017-12-17 15:15:52',0,1500,NULL,22),
(64,NULL,'2017-12-17 15:35:11',0,9500,NULL,22),
(65,NULL,'2017-12-17 15:42:31',0,16500,NULL,22),
(66,NULL,'2017-12-17 15:49:08',0,11000,NULL,22),
(67,NULL,'2017-12-17 15:54:36',0,11000,NULL,22),
(68,NULL,'2017-12-17 15:57:37',0,8000,NULL,22),
(69,NULL,'2017-12-17 16:00:17',0,11000,NULL,22),
(70,NULL,'2017-12-17 16:06:58',0,4000,NULL,22),
(71,NULL,'2017-12-17 16:15:08',0,4000,NULL,22),
(72,NULL,'2017-12-17 16:15:18',0,4000,NULL,22),
(73,NULL,'2017-12-17 16:18:41',0,11000,NULL,22),
(74,NULL,'2017-12-17 16:24:15',0,16500,NULL,22),
(75,NULL,'2017-12-17 16:30:34',0,16500,NULL,22),
(76,NULL,'2017-12-17 16:37:28',0,12500,NULL,22),
(77,NULL,'2017-12-17 16:46:05',0,0,NULL,22),
(78,NULL,'2017-12-17 16:51:37',0,12500,NULL,22),
(79,NULL,'2017-12-17 16:53:40',0,3000,NULL,22),
(80,NULL,'2017-12-17 17:03:42',0,28500,NULL,22),
(81,NULL,'2017-12-17 18:47:12',0,9000,NULL,22),
(82,NULL,'2017-12-17 18:49:26',0,16500,NULL,22),
(83,NULL,'2017-12-17 18:49:43',0,7500,NULL,22),
(84,NULL,'2017-12-17 18:49:54',0,9000,NULL,22),
(85,NULL,'2017-12-17 18:50:06',0,8000,NULL,22),
(86,NULL,'2017-12-17 18:50:16',0,9000,NULL,22),
(87,NULL,'2017-12-17 18:50:25',0,9000,NULL,22),
(88,NULL,'2017-12-17 18:50:41',0,8500,NULL,22),
(89,NULL,'2017-12-17 19:22:30',0,9500,NULL,22),
(90,NULL,'2017-12-17 19:22:44',0,8000,NULL,22),
(91,NULL,'2017-12-17 19:28:14',0,8000,NULL,22),
(92,NULL,'2017-12-17 19:28:36',0,8000,NULL,22),
(93,NULL,'2017-12-17 19:30:51',0,8000,NULL,22),
(94,NULL,'2017-12-17 19:30:59',0,8000,NULL,22),
(95,NULL,'2017-12-17 19:32:39',0,8000,NULL,22),
(96,NULL,'2017-12-17 19:34:09',0,8000,NULL,22),
(97,NULL,'2017-12-17 19:37:28',0,8000,NULL,22),
(98,NULL,'2017-12-17 19:37:51',0,8000,NULL,22),
(99,NULL,'2017-12-17 19:38:59',0,1500,NULL,22),
(100,NULL,'2017-12-17 19:39:09',0,5000,NULL,22),
(101,NULL,'2017-12-17 19:41:44',0,78000,NULL,22),
(102,NULL,'2017-12-17 19:48:57',0,25000,NULL,22),
(103,NULL,'2017-12-17 19:49:54',0,36000,NULL,22),
(104,NULL,'2017-12-17 19:52:03',0,43500,NULL,22),
(105,NULL,'2017-12-17 19:52:32',0,27000,NULL,22),
(106,NULL,'2017-12-17 19:54:22',0,11500,NULL,22),
(107,NULL,'2017-12-18 09:21:44',0,4000,NULL,22),
(108,NULL,'2017-12-18 13:17:33',0,4000,NULL,22),
(109,NULL,'2017-12-18 14:21:34',0,9500,NULL,22),
(110,NULL,'2017-12-18 14:29:47',0,9500,NULL,22),
(111,NULL,'2017-12-18 14:30:57',0,9500,NULL,22),
(112,NULL,'2017-12-18 14:34:36',0,9500,NULL,22),
(113,NULL,'2017-12-18 14:42:24',0,4000,NULL,22),
(114,NULL,'2017-12-18 14:43:53',0,4000,NULL,22),
(115,NULL,'2017-12-18 14:45:47',0,4000,NULL,22),
(116,NULL,'2017-12-18 14:47:04',0,15500,NULL,22),
(117,NULL,'2017-12-18 14:50:53',0,11000,NULL,22),
(118,NULL,'2017-12-18 16:21:32',0,16500,NULL,22),
(119,NULL,'2017-12-18 16:28:34',0,15000,NULL,22),
(120,NULL,'2017-12-18 18:22:54',0,4000,NULL,22),
(121,NULL,'2017-12-18 18:23:01',0,1500,NULL,22),
(122,NULL,'2017-12-18 18:23:22',0,14000,NULL,22),
(123,NULL,'2017-12-18 18:27:51',0,1500,NULL,30),
(124,NULL,'2017-12-18 18:30:06',0,5500,NULL,30),
(125,NULL,'2017-12-18 18:36:16',0,3400,NULL,22),
(126,NULL,'2017-12-18 18:43:16',0,1600,NULL,22),
(127,NULL,'2017-12-18 18:58:02',0,8500,NULL,22),
(128,NULL,'2017-12-18 18:58:50',0,1500,NULL,22),
(129,NULL,'2017-12-18 19:00:26',0,3000,NULL,22),
(130,NULL,'2017-12-19 12:38:24',0,3800,NULL,22),
(131,NULL,'2017-12-19 14:00:15',0,11500,NULL,22),
(132,NULL,'2017-12-19 14:57:05',0,1500,NULL,22),
(133,NULL,'2017-12-19 14:57:11',0,6500,NULL,22),
(134,NULL,'2017-12-19 14:57:42',0,15000,NULL,22),
(135,NULL,'2017-12-19 15:05:17',0,1500,NULL,30),
(136,NULL,'2017-12-19 15:09:05',0,12500,NULL,30),
(137,NULL,'2017-12-19 15:13:10',0,15000,NULL,30),
(138,NULL,'2017-12-19 15:17:20',0,43500,NULL,30),
(139,NULL,'2017-12-19 15:17:38',0,12000,NULL,30),
(140,NULL,'2017-12-19 15:19:26',0,4500,NULL,22),
(141,NULL,'2017-12-19 15:19:29',0,1500,NULL,22),
(142,NULL,'2017-12-19 15:19:34',0,4500,NULL,22),
(143,NULL,'2017-12-21 11:46:13',0,2500,NULL,22),
(144,NULL,'2017-12-21 14:14:03',0,11000,NULL,22),
(145,NULL,'2017-12-21 14:16:28',0,19500,NULL,22),
(146,NULL,'2017-12-21 14:34:49',0,10500,NULL,22),
(147,NULL,'2017-12-21 14:35:37',0,9500,NULL,22),
(148,NULL,'2017-12-21 15:04:29',0,26000,NULL,22),
(149,NULL,'2017-12-21 15:06:46',0,31000,NULL,22),
(150,NULL,'2017-12-21 15:11:22',0,33500,NULL,22),
(151,NULL,'2017-12-21 15:11:35',0,27000,NULL,22),
(152,NULL,'2017-12-21 15:11:57',0,13500,NULL,22),
(153,NULL,'2017-12-21 15:13:34',0,11000,NULL,22),
(154,NULL,'2017-12-21 15:16:11',0,10500,NULL,22),
(155,NULL,'2017-12-21 15:18:35',0,5500,NULL,22),
(156,NULL,'2017-12-21 15:19:02',0,15000,NULL,22),
(157,NULL,'2017-12-21 15:27:13',0,11000,NULL,22),
(158,NULL,'2017-12-21 15:43:07',0,25500,NULL,22),
(159,NULL,'2017-12-21 15:51:58',0,27500,NULL,22),
(160,NULL,'2017-12-21 16:03:24',0,27000,NULL,22),
(161,NULL,'2017-12-21 16:25:05',0,20000,NULL,22),
(162,NULL,'2017-12-22 13:12:02',0,10500,NULL,22),
(163,NULL,'2017-12-22 13:36:11',0,8000,NULL,22),
(164,NULL,'2017-12-22 13:46:45',0,24500,NULL,22),
(165,NULL,'2017-12-22 14:05:22',0,41500,NULL,22),
(166,NULL,'2017-12-22 14:37:49',0,11500,NULL,22),
(167,NULL,'2017-12-22 14:49:58',0,13000,NULL,22),
(168,NULL,'2017-12-22 15:23:57',0,20500,NULL,22),
(169,NULL,'2017-12-22 15:29:22',0,16500,NULL,22),
(170,NULL,'2017-12-22 15:34:15',0,7500,NULL,22),
(171,NULL,'2017-12-22 15:50:54',0,19500,NULL,22),
(172,NULL,'2017-12-22 15:51:35',0,1500,NULL,22),
(173,NULL,'2017-12-22 16:08:15',0,20500,NULL,22),
(174,NULL,'2017-12-22 16:08:47',0,31000,NULL,22),
(175,NULL,'2017-12-22 16:09:26',0,11000,NULL,22),
(176,NULL,'2017-12-22 16:27:49',0,24500,NULL,22),
(177,NULL,'2017-12-23 14:24:08',0,13000,NULL,22),
(178,NULL,'2017-12-23 14:25:51',0,17000,NULL,22),
(179,NULL,'2017-12-23 14:28:17',0,11000,NULL,22),
(180,NULL,'2017-12-23 14:28:55',0,22500,NULL,22),
(181,NULL,'2017-12-23 14:30:40',0,20500,NULL,22),
(182,NULL,'2017-12-23 15:02:40',0,12000,NULL,22),
(183,NULL,'2017-12-23 15:10:08',0,11000,NULL,22),
(184,NULL,'2017-12-23 15:11:59',0,20500,NULL,22),
(185,NULL,'2017-12-23 15:26:56',0,10000,NULL,22),
(186,NULL,'2017-12-23 15:40:34',0,17000,NULL,22),
(187,NULL,'2017-12-23 15:43:57',0,11000,NULL,22),
(188,NULL,'2017-12-23 16:07:27',0,11000,NULL,22),
(189,NULL,'2017-12-23 17:33:30',0,19500,NULL,22),
(190,NULL,'2017-12-24 12:44:38',0,9500,NULL,22),
(191,NULL,'2017-12-24 13:03:15',0,16500,NULL,22),
(192,NULL,'2017-12-24 13:16:21',0,8000,NULL,22),
(193,NULL,'2017-12-24 13:34:12',0,27000,NULL,22),
(194,NULL,'2017-12-24 13:39:36',0,31500,NULL,22),
(195,NULL,'2017-12-24 13:42:58',0,36000,NULL,22),
(196,NULL,'2017-12-24 13:58:23',0,25000,NULL,22),
(197,NULL,'2017-12-24 14:12:00',0,27000,NULL,22),
(198,NULL,'2017-12-24 14:37:27',0,14000,NULL,22),
(199,NULL,'2017-12-24 14:44:50',0,6000,NULL,22),
(200,NULL,'2017-12-24 14:48:34',0,9500,NULL,22),
(201,NULL,'2017-12-24 14:55:35',0,13000,NULL,22),
(202,NULL,'2017-12-24 15:19:37',0,17500,NULL,22),
(203,NULL,'2017-12-24 15:42:08',0,50500,NULL,22),
(204,NULL,'2017-12-24 15:46:11',0,17500,NULL,22),
(205,NULL,'2017-12-24 16:07:59',0,23000,NULL,22),
(206,NULL,'2017-12-24 16:09:16',0,17500,NULL,22),
(207,NULL,'2017-12-24 16:11:53',0,18000,NULL,22),
(208,NULL,'2017-12-24 16:24:49',0,20000,NULL,22),
(209,NULL,'2017-12-24 16:27:28',0,11000,NULL,22),
(210,NULL,'2017-12-24 16:33:37',0,27000,NULL,22),
(211,NULL,'2017-12-24 17:42:09',0,58500,NULL,22),
(212,NULL,'2017-12-26 12:55:26',0,12500,NULL,22),
(213,NULL,'2017-12-26 13:24:31',0,6000,NULL,22),
(214,NULL,'2017-12-26 13:30:54',0,12500,NULL,22),
(215,NULL,'2017-12-26 13:32:48',0,11000,NULL,22),
(216,NULL,'2017-12-26 13:34:47',0,10000,NULL,22),
(217,NULL,'2017-12-26 13:36:35',0,18500,NULL,22),
(218,NULL,'2017-12-26 14:18:28',0,27000,NULL,22),
(219,NULL,'2017-12-26 14:25:13',0,10000,NULL,22),
(220,NULL,'2017-12-26 14:25:28',0,22000,NULL,22),
(221,NULL,'2017-12-26 14:25:50',0,70500,NULL,22),
(222,NULL,'2017-12-26 14:45:10',0,16500,NULL,22),
(223,NULL,'2017-12-26 14:45:26',0,9500,NULL,22),
(224,NULL,'2017-12-26 15:02:34',0,40000,NULL,22),
(225,NULL,'2017-12-26 15:12:51',0,28500,NULL,22),
(226,NULL,'2017-12-26 15:15:05',0,29000,NULL,22),
(227,NULL,'2017-12-26 15:15:39',0,26000,NULL,22),
(228,NULL,'2017-12-26 15:25:09',0,23500,NULL,22),
(229,NULL,'2017-12-26 15:36:39',0,15000,NULL,22),
(230,NULL,'2017-12-26 15:41:05',0,12500,NULL,22),
(231,NULL,'2017-12-26 15:42:56',0,20500,NULL,22),
(232,NULL,'2017-12-26 15:45:28',0,13500,NULL,22),
(233,NULL,'2017-12-26 16:18:10',0,11000,NULL,22),
(234,NULL,'2017-12-26 16:22:23',0,23000,NULL,22),
(235,NULL,'2017-12-26 16:47:16',0,26500,NULL,22),
(236,NULL,'2017-12-26 17:03:20',0,13500,NULL,22),
(237,NULL,'2017-12-26 17:34:58',0,8000,NULL,22),
(238,NULL,'2017-12-26 17:36:25',0,11000,NULL,22),
(239,NULL,'2017-12-26 18:03:57',0,10000,NULL,22),
(240,NULL,'2017-12-27 13:11:16',0,31000,NULL,22),
(241,NULL,'2017-12-27 13:31:25',0,16500,NULL,22),
(242,NULL,'2017-12-27 13:47:23',0,9000,NULL,22),
(243,NULL,'2017-12-27 13:53:57',0,13000,NULL,22),
(244,NULL,'2017-12-27 14:02:51',0,16500,NULL,22),
(245,NULL,'2017-12-27 14:26:12',0,35500,NULL,22),
(246,NULL,'2017-12-27 14:33:19',0,19000,NULL,22),
(247,NULL,'2017-12-27 14:33:47',0,9500,NULL,22),
(248,NULL,'2017-12-27 14:34:46',0,38000,NULL,22),
(249,NULL,'2017-12-27 14:42:56',0,25000,NULL,22),
(250,NULL,'2017-12-27 14:52:21',0,65000,NULL,22),
(251,NULL,'2017-12-27 15:14:21',0,63000,NULL,22),
(252,NULL,'2017-12-27 15:22:57',0,16500,NULL,22),
(253,NULL,'2017-12-27 15:24:50',0,55000,NULL,22),
(254,NULL,'2017-12-27 15:33:54',0,21000,NULL,22),
(255,NULL,'2017-12-27 15:50:59',0,11000,NULL,22),
(256,NULL,'2017-12-27 15:52:52',0,8000,NULL,22),
(257,NULL,'2017-12-27 16:37:57',0,10000,NULL,22),
(258,NULL,'2017-12-27 16:55:24',0,12000,NULL,22),
(259,NULL,'2017-12-27 17:42:18',0,16500,NULL,22),
(260,NULL,'2017-12-27 17:54:13',0,13000,NULL,22),
(261,NULL,'2017-12-27 18:01:22',0,5000,NULL,22),
(262,NULL,'2017-12-27 18:04:12',0,10000,NULL,22),
(263,NULL,'2017-12-27 18:10:59',0,129000,NULL,22),
(264,NULL,'2017-12-28 13:00:18',0,3000,NULL,22),
(265,NULL,'2017-12-28 13:19:02',0,10500,NULL,22),
(266,NULL,'2017-12-28 13:36:04',0,11000,NULL,22),
(267,NULL,'2017-12-28 13:37:27',0,20500,NULL,22),
(268,NULL,'2017-12-28 13:37:38',0,22000,NULL,22),
(269,NULL,'2017-12-28 14:07:34',0,12000,NULL,22),
(270,NULL,'2017-12-28 14:18:33',0,15000,NULL,22),
(271,NULL,'2017-12-28 14:21:07',0,24000,NULL,22),
(272,NULL,'2017-12-28 14:25:51',0,44000,NULL,22),
(273,NULL,'2017-12-28 14:46:37',0,25000,NULL,22),
(274,NULL,'2017-12-28 14:49:27',0,39000,NULL,22),
(275,NULL,'2017-12-28 14:52:59',0,16500,NULL,22),
(276,NULL,'2017-12-28 14:55:28',0,27500,NULL,22),
(277,NULL,'2017-12-28 15:11:28',0,20000,NULL,22),
(278,NULL,'2017-12-28 15:19:56',0,11500,NULL,22),
(279,NULL,'2017-12-28 15:34:50',0,27000,NULL,22),
(280,NULL,'2017-12-28 15:44:55',0,35500,NULL,22),
(281,NULL,'2017-12-28 15:49:18',0,24000,NULL,22),
(282,NULL,'2017-12-28 15:53:18',0,15000,NULL,22),
(283,NULL,'2017-12-28 16:04:14',0,19500,NULL,22),
(284,NULL,'2017-12-28 17:03:27',0,22000,NULL,22),
(285,NULL,'2017-12-28 17:18:22',0,8000,NULL,22),
(286,NULL,'2017-12-28 17:23:59',0,9500,NULL,22),
(287,NULL,'2018-01-03 22:39:09',0,4000,NULL,22),
(288,NULL,'2018-01-04 15:03:13',0,5000,NULL,22),
(289,NULL,'2018-01-04 15:03:33',0,4000,NULL,22),
(290,NULL,'2018-01-04 15:15:05',0,2500,NULL,22),
(291,NULL,'2018-01-04 16:13:06',0,4500,NULL,22),
(292,NULL,'2018-01-04 16:13:16',0,9000,NULL,22);
/*!40000 ALTER TABLE `boletas` ENABLE KEYS */;

-- 
-- Definition of cantidadesvendidas
-- 

DROP TABLE IF EXISTS `cantidadesvendidas`;
CREATE TABLE IF NOT EXISTS `cantidadesvendidas` (
  `id` int(11) NOT NULL AUTO_INCREMENT,
  `itemventa` varchar(30) NOT NULL,
  `cantidad` decimal(9,2) NOT NULL DEFAULT '0.00',
  PRIMARY KEY (`id`)
) ENGINE=InnoDB DEFAULT CHARSET=utf8;

-- 
-- Dumping data for table cantidadesvendidas
-- 

/*!40000 ALTER TABLE `cantidadesvendidas` DISABLE KEYS */;

/*!40000 ALTER TABLE `cantidadesvendidas` ENABLE KEYS */;

-- 
-- Definition of cantidadesvendidas_jornada
-- 

DROP TABLE IF EXISTS `cantidadesvendidas_jornada`;
CREATE TABLE IF NOT EXISTS `cantidadesvendidas_jornada` (
  `id` int(11) NOT NULL AUTO_INCREMENT,
  `cantidadesvendidas_id` int(11) DEFAULT NULL,
  `jornada_id` int(11) DEFAULT NULL,
  PRIMARY KEY (`id`),
  KEY `cantidadesvendidas_id` (`cantidadesvendidas_id`),
  KEY `jornada_id` (`jornada_id`),
  CONSTRAINT `cantidadesvendidas_jornada_ibfk_1` FOREIGN KEY (`cantidadesvendidas_id`) REFERENCES `cantidadesvendidas` (`id`) ON DELETE CASCADE ON UPDATE CASCADE,
  CONSTRAINT `cantidadesvendidas_jornada_ibfk_2` FOREIGN KEY (`jornada_id`) REFERENCES `jornadas` (`id`) ON DELETE CASCADE ON UPDATE CASCADE
) ENGINE=InnoDB DEFAULT CHARSET=utf8;

-- 
-- Dumping data for table cantidadesvendidas_jornada
-- 

/*!40000 ALTER TABLE `cantidadesvendidas_jornada` DISABLE KEYS */;

/*!40000 ALTER TABLE `cantidadesvendidas_jornada` ENABLE KEYS */;

-- 
-- Definition of categoria_sector
-- 

DROP TABLE IF EXISTS `categoria_sector`;
CREATE TABLE IF NOT EXISTS `categoria_sector` (
  `id` int(11) NOT NULL AUTO_INCREMENT,
  `categoria_id` int(11) DEFAULT NULL,
  `sector_id` int(11) DEFAULT NULL,
  PRIMARY KEY (`id`),
  KEY `categoria_sector_ibfk_1` (`categoria_id`),
  KEY `categoria_sector_ibfk_2` (`sector_id`),
  CONSTRAINT `categoria_sector_ibfk_1` FOREIGN KEY (`categoria_id`) REFERENCES `categorias` (`id`) ON DELETE CASCADE ON UPDATE CASCADE,
  CONSTRAINT `categoria_sector_ibfk_2` FOREIGN KEY (`sector_id`) REFERENCES `sectores` (`id`) ON DELETE CASCADE ON UPDATE CASCADE
) ENGINE=InnoDB AUTO_INCREMENT=53 DEFAULT CHARSET=utf8;

-- 
-- Dumping data for table categoria_sector
-- 

/*!40000 ALTER TABLE `categoria_sector` DISABLE KEYS */;
INSERT INTO `categoria_sector`(`id`,`categoria_id`,`sector_id`) VALUES
(47,38,41),
(48,39,41),
(49,40,41),
(50,41,41),
(51,42,40),
(52,43,42);
/*!40000 ALTER TABLE `categoria_sector` ENABLE KEYS */;

-- 
-- Definition of categoria_subcategoria
-- 

DROP TABLE IF EXISTS `categoria_subcategoria`;
CREATE TABLE IF NOT EXISTS `categoria_subcategoria` (
  `id` int(11) NOT NULL AUTO_INCREMENT,
  `categoria_id` int(11) DEFAULT NULL,
  `subcategoria_id` int(11) DEFAULT NULL,
  PRIMARY KEY (`id`),
  KEY `categoria_subcategoria_ibfk_1` (`categoria_id`),
  KEY `categoria_subcategoria_ibfk_2` (`subcategoria_id`),
  CONSTRAINT `categoria_subcategoria_ibfk_1` FOREIGN KEY (`categoria_id`) REFERENCES `categorias` (`id`) ON DELETE CASCADE ON UPDATE CASCADE,
  CONSTRAINT `categoria_subcategoria_ibfk_2` FOREIGN KEY (`subcategoria_id`) REFERENCES `subcategorias` (`id`) ON DELETE CASCADE ON UPDATE CASCADE
) ENGINE=InnoDB AUTO_INCREMENT=44 DEFAULT CHARSET=utf8;

-- 
-- Dumping data for table categoria_subcategoria
-- 

/*!40000 ALTER TABLE `categoria_subcategoria` DISABLE KEYS */;
INSERT INTO `categoria_subcategoria`(`id`,`categoria_id`,`subcategoria_id`) VALUES
(25,38,26),
(26,38,27),
(27,38,28),
(28,39,29),
(29,39,30),
(30,39,31),
(31,39,32),
(32,39,33),
(33,39,34),
(34,39,35),
(35,39,36),
(36,40,39),
(37,40,37),
(38,40,38),
(39,40,40),
(40,41,41),
(41,42,25),
(42,43,42),
(43,39,43);
/*!40000 ALTER TABLE `categoria_subcategoria` ENABLE KEYS */;

-- 
-- Definition of categorias
-- 

DROP TABLE IF EXISTS `categorias`;
CREATE TABLE IF NOT EXISTS `categorias` (
  `id` int(11) NOT NULL AUTO_INCREMENT,
  `nombre` varchar(30) DEFAULT NULL,
  `seleccionable` tinyint(1) DEFAULT '0',
  PRIMARY KEY (`id`),
  UNIQUE KEY `nombre_UNIQUE` (`nombre`)
) ENGINE=InnoDB AUTO_INCREMENT=44 DEFAULT CHARSET=utf8;

-- 
-- Dumping data for table categorias
-- 

/*!40000 ALTER TABLE `categorias` DISABLE KEYS */;
INSERT INTO `categorias`(`id`,`nombre`,`seleccionable`) VALUES
(38,'ENTRADA',0),
(39,'FONDO',0),
(40,'LIQUIDO',0),
(41,'POSTRE',0),
(42,'MENU',0),
(43,'DCTO',0);
/*!40000 ALTER TABLE `categorias` ENABLE KEYS */;

-- 
-- Definition of clientes
-- 

DROP TABLE IF EXISTS `clientes`;
CREATE TABLE IF NOT EXISTS `clientes` (
  `id` int(11) NOT NULL AUTO_INCREMENT,
  `rut` varchar(12) DEFAULT NULL,
  `nombre` varchar(50) DEFAULT NULL,
  `pass` varchar(30) NOT NULL DEFAULT '123',
  `contacto` varchar(20) DEFAULT NULL,
  `favorito` tinyint(1) DEFAULT NULL,
  `puntos_id` int(11) NOT NULL,
  `comentario` varchar(200) DEFAULT NULL,
  `imagen` varchar(1024) DEFAULT NULL,
  PRIMARY KEY (`id`),
  KEY `puntos_id` (`puntos_id`),
  CONSTRAINT `clientes_ibfk_1` FOREIGN KEY (`puntos_id`) REFERENCES `puntos` (`id`) ON UPDATE CASCADE
) ENGINE=InnoDB DEFAULT CHARSET=utf8;

-- 
-- Dumping data for table clientes
-- 

/*!40000 ALTER TABLE `clientes` DISABLE KEYS */;

/*!40000 ALTER TABLE `clientes` ENABLE KEYS */;

-- 
-- Definition of compras
-- 

DROP TABLE IF EXISTS `compras`;
CREATE TABLE IF NOT EXISTS `compras` (
  `id` int(11) NOT NULL AUTO_INCREMENT,
  `fecha` datetime DEFAULT NULL,
  `usuario_id` int(11) NOT NULL,
  PRIMARY KEY (`id`),
  KEY `usuario_id` (`usuario_id`),
  CONSTRAINT `compras_ibfk_1` FOREIGN KEY (`usuario_id`) REFERENCES `usuarios` (`id`) ON UPDATE CASCADE
) ENGINE=InnoDB AUTO_INCREMENT=8 DEFAULT CHARSET=utf8;

-- 
-- Dumping data for table compras
-- 

/*!40000 ALTER TABLE `compras` DISABLE KEYS */;
INSERT INTO `compras`(`id`,`fecha`,`usuario_id`) VALUES
(1,'2017-12-06 19:28:37',22),
(2,'2017-12-18 18:37:42',22),
(3,'2017-12-18 18:44:48',22),
(4,'2017-12-19 14:52:18',30),
(5,'2017-12-19 14:55:44',22),
(6,'2017-12-19 14:55:54',22),
(7,'2017-12-19 14:56:06',22);
/*!40000 ALTER TABLE `compras` ENABLE KEYS */;

-- 
-- Definition of configs
-- 

DROP TABLE IF EXISTS `configs`;
CREATE TABLE IF NOT EXISTS `configs` (
  `id` int(11) NOT NULL AUTO_INCREMENT,
  `font_size` char(1) DEFAULT NULL,
  `theme` varchar(15) DEFAULT NULL,
  PRIMARY KEY (`id`)
) ENGINE=InnoDB AUTO_INCREMENT=2 DEFAULT CHARSET=utf8;

-- 
-- Dumping data for table configs
-- 

/*!40000 ALTER TABLE `configs` DISABLE KEYS */;
INSERT INTO `configs`(`id`,`font_size`,`theme`) VALUES
(1,'m','dark');
/*!40000 ALTER TABLE `configs` ENABLE KEYS */;

-- 
-- Definition of datos_negocio
-- 

DROP TABLE IF EXISTS `datos_negocio`;
CREATE TABLE IF NOT EXISTS `datos_negocio` (
  `id` int(11) NOT NULL AUTO_INCREMENT,
  `nombre` varchar(30) DEFAULT NULL,
  `mensaje` varchar(50) DEFAULT NULL,
  `direccion` varchar(30) DEFAULT NULL,
  `logo` varchar(2048) DEFAULT NULL,
  `iva` int(11) DEFAULT NULL,
  `inicio_jornada_dia` char(1) DEFAULT NULL,
  `termino_jornada_dia` char(1) DEFAULT NULL,
  `inicio_jornada_hora` time DEFAULT NULL,
  `termino_jornada_hora` time DEFAULT NULL,
  `modo` varchar(25) DEFAULT NULL,
  `correo_primario` varchar(45) DEFAULT NULL,
  `correo_secundario` varchar(45) DEFAULT NULL,
  `teclado_tactil_integrado` tinyint(1) DEFAULT NULL,
  PRIMARY KEY (`id`)
) ENGINE=InnoDB AUTO_INCREMENT=2 DEFAULT CHARSET=utf8;

-- 
-- Dumping data for table datos_negocio
-- 

/*!40000 ALTER TABLE `datos_negocio` DISABLE KEYS */;
INSERT INTO `datos_negocio`(`id`,`nombre`,`mensaje`,`direccion`,`logo`,`iva`,`inicio_jornada_dia`,`termino_jornada_dia`,`inicio_jornada_hora`,`termino_jornada_hora`,`modo`,`correo_primario`,`correo_secundario`,`teclado_tactil_integrado`) VALUES
(1,'BUENOS AIRES RESTAURANT','','','BuenosAiresRestaurant.png',19,'A','B','12:00:00','05:00:00','RESTAURANT','glcontacto@gmail.com','',0);
/*!40000 ALTER TABLE `datos_negocio` ENABLE KEYS */;

-- 
-- Definition of detalle_boleta
-- 

DROP TABLE IF EXISTS `detalle_boleta`;
CREATE TABLE IF NOT EXISTS `detalle_boleta` (
  `id` int(11) NOT NULL AUTO_INCREMENT,
  `monto` int(11) DEFAULT NULL,
  `cantidad` decimal(10,0) NOT NULL,
  `descuento` decimal(10,0) NOT NULL DEFAULT '0',
  `producto_id` int(11) DEFAULT NULL,
  `boleta_id` int(11) NOT NULL,
  `promocion_id` int(11) DEFAULT NULL,
  PRIMARY KEY (`id`),
  KEY `boleta_id` (`boleta_id`),
  KEY `producto_id` (`producto_id`),
  KEY `detalle_boleta_ibfk_3_idx` (`promocion_id`),
  CONSTRAINT `detalle_boleta_ibfk_1` FOREIGN KEY (`boleta_id`) REFERENCES `boletas` (`id`) ON DELETE CASCADE ON UPDATE CASCADE,
  CONSTRAINT `detalle_boleta_ibfk_2` FOREIGN KEY (`producto_id`) REFERENCES `productos` (`id`) ON DELETE CASCADE ON UPDATE CASCADE,
  CONSTRAINT `detalle_boleta_ibfk_3` FOREIGN KEY (`promocion_id`) REFERENCES `promociones` (`id`) ON DELETE CASCADE ON UPDATE CASCADE
) ENGINE=InnoDB AUTO_INCREMENT=1484 DEFAULT CHARSET=utf8;

-- 
-- Dumping data for table detalle_boleta
-- 

/*!40000 ALTER TABLE `detalle_boleta` DISABLE KEYS */;
INSERT INTO `detalle_boleta`(`id`,`monto`,`cantidad`,`descuento`,`producto_id`,`boleta_id`,`promocion_id`) VALUES
(1,2500,1,0,100,1,NULL),
(2,1500,1,0,156,1,NULL),
(3,6500,0,0,117,1,NULL),
(4,9000,0,0,123,1,NULL),
(5,6000,0,0,117,2,NULL),
(6,4000,1,0,174,3,NULL),
(7,4500,0,0,171,3,NULL),
(8,5000,0,0,172,3,NULL),
(11,4500,0,0,173,4,NULL),
(13,5000,0,0,172,5,NULL),
(14,4000,1,0,174,6,NULL),
(15,5000,0,0,171,6,NULL),
(16,5000,0,0,171,7,NULL),
(17,5000,0,0,171,8,NULL),
(18,4500,1,0,171,9,NULL),
(19,1500,1,0,156,10,NULL),
(20,2000,1,0,157,11,NULL),
(21,4500,1,0,171,11,NULL),
(24,4000,1,0,172,12,NULL),
(25,4500,1,0,171,12,NULL),
(26,4500,1,0,173,12,NULL),
(28,5000,1,0,173,14,NULL),
(29,4000,1,0,172,14,NULL),
(30,4000,1,0,171,15,NULL),
(31,4000,1,0,171,15,NULL),
(32,4000,1,0,171,15,NULL),
(35,2000,1,0,157,16,NULL),
(36,4500,1,0,172,17,NULL),
(37,8500,1,0,125,18,NULL),
(40,4000,1,0,174,20,NULL),
(41,4000,1,0,174,21,NULL),
(42,4000,1,0,173,21,NULL),
(43,5000,1,0,173,22,NULL),
(44,4000,1,0,171,22,NULL),
(47,4000,1,0,172,23,NULL),
(48,4500,1,0,171,23,NULL),
(49,4000,1,0,174,24,NULL),
(50,4000,1,0,171,24,NULL),
(51,0,1,0,168,24,NULL),
(52,4000,1,0,174,24,NULL),
(53,0,1,0,170,24,NULL),
(54,4000,1,0,171,24,NULL),
(55,4000,1,0,172,25,NULL),
(56,1500,1,0,156,25,NULL),
(57,2000,1,0,157,25,NULL),
(58,4000,1,0,172,25,NULL),
(59,1500,1,0,156,25,NULL),
(60,2000,1,0,157,25,NULL),
(61,1500,1,0,156,26,NULL),
(62,1500,1,0,155,26,NULL),
(63,1500,1,0,156,26,NULL),
(64,1500,1,0,155,26,NULL),
(65,1500,1,0,155,27,NULL),
(66,1500,1,0,155,27,NULL),
(75,4000,1,0,174,32,NULL),
(76,4000,1,0,174,32,NULL),
(77,4000,1,0,174,33,NULL),
(78,4000,1,0,174,33,NULL),
(81,4000,1,0,174,35,NULL),
(82,4000,1,0,174,35,NULL),
(89,4000,1,0,174,37,NULL),
(90,4000,1,0,174,37,NULL),
(93,4000,1,0,174,39,NULL),
(94,4000,1,0,174,39,NULL),
(96,4000,1,0,172,40,NULL),
(97,4000,1,0,172,40,NULL),
(98,4000,1,0,172,41,NULL),
(100,4000,1,0,172,41,NULL),
(102,4000,1,0,172,43,NULL),
(105,4000,1,0,172,43,NULL),
(107,4000,1,0,172,45,NULL),
(108,4000,1,0,172,45,NULL),
(109,4000,1,0,172,46,NULL),
(111,4000,1,0,172,46,NULL),
(112,4000,1,0,173,47,NULL),
(114,4000,1,0,174,47,NULL),
(115,4000,1,0,173,47,NULL),
(116,4000,1,0,174,47,NULL),
(117,4000,1,0,174,48,NULL),
(118,4000,1,0,174,48,NULL),
(119,4000,1,0,174,49,NULL),
(120,4000,1,0,174,49,NULL),
(121,4000,1,0,174,50,NULL),
(122,4000,1,0,174,50,NULL),
(123,4000,1,0,174,51,NULL),
(124,4000,1,0,173,51,NULL),
(126,4000,1,0,174,51,NULL),
(127,4000,1,0,173,51,NULL),
(128,4000,1,0,173,52,NULL),
(129,4000,1,0,174,52,NULL),
(131,4000,1,0,173,52,NULL),
(132,4000,1,0,174,52,NULL),
(133,4000,1,0,173,53,NULL),
(134,4000,1,0,174,53,NULL),
(135,4000,1,0,173,53,NULL),
(136,4000,1,0,174,53,NULL),
(137,4000,1,0,174,54,NULL),
(138,4000,1,0,174,54,NULL),
(139,4000,1,0,174,54,NULL),
(140,4000,1,0,174,54,NULL),
(141,4000,1,0,174,54,NULL),
(142,4000,1,0,174,54,NULL),
(143,4000,1,0,173,55,NULL),
(144,20000,5,0,172,55,NULL),
(147,4000,1,0,173,55,NULL),
(148,20000,1,0,172,55,NULL),
(149,12000,3,0,173,56,NULL),
(150,16000,4,0,172,56,NULL),
(151,12000,1,0,173,56,NULL),
(152,16000,1,0,172,56,NULL),
(156,4000,1,0,173,57,NULL),
(157,8000,2,0,173,57,NULL),
(158,8000,2,0,172,57,NULL),
(159,4000,1,0,173,57,NULL),
(160,8000,1,0,173,57,NULL),
(161,8000,1,0,172,57,NULL),
(163,1500,1,0,156,58,NULL),
(164,4000,1,0,174,59,NULL),
(166,4000,1,0,174,59,NULL),
(167,4000,1,0,174,60,NULL),
(168,4000,1,0,174,60,NULL),
(169,4000,1,0,172,61,NULL),
(170,4000,1,0,172,61,NULL),
(171,4000,1,0,173,62,NULL),
(172,4000,1,0,171,62,NULL),
(173,4000,1,0,173,62,NULL),
(174,4000,1,0,171,62,NULL),
(176,4000,1,0,172,64,NULL),
(177,4000,1,0,173,64,NULL),
(179,4000,1,0,172,64,NULL),
(180,4000,1,0,173,64,NULL),
(181,4000,1,0,172,65,NULL),
(182,4000,1,0,171,65,NULL),
(183,4000,1,0,173,65,NULL),
(187,4000,1,0,172,65,NULL),
(188,4000,1,0,171,65,NULL),
(189,4000,1,0,173,65,NULL),
(190,4000,1,0,173,66,NULL),
(191,4000,1,0,171,66,NULL),
(194,4000,1,0,173,66,NULL),
(195,4000,1,0,171,66,NULL),
(196,4000,1,0,173,67,NULL),
(197,4000,1,0,171,67,NULL),
(200,4000,1,0,173,67,NULL),
(201,4000,1,0,171,67,NULL),
(202,4000,1,0,172,68,NULL),
(203,4000,1,0,173,68,NULL),
(204,4000,1,0,172,68,NULL),
(205,4000,1,0,173,68,NULL),
(206,4000,1,0,173,69,NULL),
(207,4000,1,0,171,69,NULL),
(210,4000,1,0,173,69,NULL),
(211,4000,1,0,171,69,NULL),
(212,4000,1,0,174,70,NULL),
(213,4000,1,0,174,70,NULL),
(214,4000,1,0,172,71,NULL),
(215,4000,1,0,172,71,NULL),
(216,4000,1,0,171,72,NULL),
(217,4000,1,0,171,72,NULL),
(218,4000,1,0,171,73,NULL),
(219,4000,1,0,173,73,NULL),
(222,4000,1,0,171,73,NULL),
(223,4000,1,0,173,73,NULL),
(224,4000,1,0,171,74,NULL),
(225,4000,1,0,172,74,NULL),
(226,4000,1,0,173,74,NULL),
(230,4000,1,0,171,74,NULL),
(231,4000,1,0,172,74,NULL),
(232,4000,1,0,173,74,NULL),
(233,4000,1,0,172,75,NULL),
(234,4000,1,0,171,75,NULL),
(235,4000,1,0,173,75,NULL),
(239,4000,1,0,172,75,NULL),
(240,4000,1,0,171,75,NULL),
(241,4000,1,0,173,75,NULL),
(242,4000,1,0,171,76,NULL),
(243,4000,1,0,172,76,NULL),
(247,4000,1,0,171,76,NULL),
(248,4000,1,0,172,76,NULL),
(249,4500,1,0,173,77,NULL),
(250,5000,1,0,172,77,NULL),
(254,4500,1,0,173,77,NULL),
(255,5000,1,0,172,77,NULL),
(256,4500,1,0,172,78,NULL),
(257,5000,1,0,173,78,NULL),
(260,4500,1,0,172,78,NULL),
(261,5000,1,0,173,78,NULL),
(264,2500,1,0,97,80,NULL),
(265,4000,2,0,96,80,NULL),
(266,8000,1,0,122,80,NULL),
(267,9500,1,0,129,80,NULL),
(270,8000,1,0,122,80,NULL),
(271,9500,1,0,129,80,NULL),
(272,9000,2,0,171,81,NULL),
(273,9000,1,0,171,81,NULL),
(274,10000,2,0,171,82,NULL),
(275,6500,1,0,117,82,NULL),
(276,10000,1,0,171,82,NULL),
(277,6500,1,0,117,82,NULL),
(278,7500,1,0,121,83,NULL),
(279,7500,1,0,121,83,NULL),
(280,9000,1,0,123,84,NULL),
(281,9000,1,0,123,84,NULL),
(282,8000,1,0,122,85,NULL),
(283,8000,1,0,122,85,NULL),
(284,9000,1,0,136,86,NULL),
(285,9000,1,0,136,86,NULL),
(286,9000,1,0,123,87,NULL),
(287,9000,1,0,123,87,NULL),
(288,8500,1,0,121,88,NULL),
(289,8500,1,0,121,88,NULL),
(290,5000,1,0,172,89,NULL),
(291,4500,1,0,171,89,NULL),
(292,5000,1,0,172,89,NULL),
(293,4500,1,0,171,89,NULL),
(294,8000,1,0,122,90,NULL),
(295,8000,1,0,122,90,NULL),
(296,8000,1,0,122,91,NULL),
(297,8000,1,0,122,91,NULL),
(298,8000,1,0,122,92,NULL),
(299,8000,1,0,122,92,NULL),
(300,8000,1,0,122,93,NULL),
(301,8000,1,0,122,93,NULL),
(302,8000,1,0,122,94,NULL),
(303,8000,1,0,122,94,NULL),
(304,8000,1,0,122,95,NULL),
(305,8000,1,0,122,95,NULL),
(306,8000,1,0,122,96,NULL),
(307,8000,1,0,122,96,NULL),
(308,8000,1,0,122,97,NULL),
(309,8000,1,0,122,97,NULL),
(310,8000,1,0,122,98,NULL),
(311,8000,1,0,122,98,NULL),
(313,5000,1,0,173,100,NULL),
(314,5000,1,0,173,100,NULL),
(315,7500,1,0,93,101,NULL),
(316,7500,1,0,94,101,NULL),
(318,3000,1,0,101,101,NULL),
(319,9500,1,0,108,101,NULL),
(320,8000,1,0,122,101,NULL),
(321,9000,1,0,136,101,NULL),
(322,8500,1,0,121,101,NULL),
(323,3000,1,0,162,101,NULL),
(324,6000,2,0,160,101,NULL),
(325,1500,1,0,155,101,NULL),
(326,2500,1,0,166,101,NULL),
(327,8000,1,0,122,101,NULL),
(328,9000,1,0,136,101,NULL),
(329,8500,1,0,121,101,NULL),
(330,7500,1,0,93,102,NULL),
(332,2500,1,0,98,102,NULL),
(333,3000,1,0,102,102,NULL),
(334,9000,1,0,123,103,NULL),
(335,9000,1,0,123,103,NULL),
(336,9000,1,0,136,103,NULL),
(337,9000,1,0,136,103,NULL),
(338,9000,1,0,123,103,NULL),
(339,9000,1,0,123,103,NULL),
(340,9000,1,0,136,103,NULL),
(341,9000,1,0,136,103,NULL),
(342,8000,1,0,122,104,NULL),
(343,9000,1,0,123,104,NULL),
(344,9500,1,0,124,104,NULL),
(345,9000,1,0,136,104,NULL),
(346,8000,1,0,121,104,NULL),
(347,8000,1,0,122,104,NULL),
(348,9000,1,0,123,104,NULL),
(349,9500,1,0,124,104,NULL),
(350,9000,1,0,136,104,NULL),
(351,8000,1,0,121,104,NULL),
(352,6500,1,0,118,105,NULL),
(353,7000,1,0,119,105,NULL),
(355,6500,1,0,117,105,NULL),
(356,6500,1,0,118,105,NULL),
(357,7000,1,0,119,105,NULL),
(359,6500,1,0,117,105,NULL),
(360,4500,1,0,171,106,NULL),
(361,4000,1,0,172,106,NULL),
(364,4500,1,0,171,106,NULL),
(365,4000,1,0,172,106,NULL),
(366,4000,1,0,174,107,NULL),
(367,4000,1,0,174,107,NULL),
(368,4000,1,0,173,108,NULL),
(369,4000,1,0,173,108,NULL),
(370,5000,1,0,173,109,NULL),
(371,4500,1,0,171,109,NULL),
(372,5000,1,0,173,109,NULL),
(373,4500,1,0,171,109,NULL),
(374,4000,1,0,174,110,NULL),
(375,4000,1,0,173,110,NULL),
(377,4000,1,0,174,110,NULL),
(378,4000,1,0,173,110,NULL),
(379,4000,1,0,174,111,NULL),
(380,4000,1,0,173,111,NULL),
(382,4000,1,0,174,111,NULL),
(383,4000,1,0,173,111,NULL),
(384,4000,1,0,174,112,NULL),
(385,4000,1,0,173,112,NULL),
(387,4000,1,0,174,112,NULL),
(388,4000,1,0,173,112,NULL),
(389,4000,1,0,174,113,NULL),
(390,4000,1,0,174,113,NULL),
(391,4000,1,0,174,114,NULL),
(392,4000,1,0,174,114,NULL),
(393,4000,1,0,174,115,NULL),
(394,4000,1,0,174,115,NULL),
(395,4000,1,0,174,116,NULL),
(396,4000,1,0,173,116,NULL),
(397,4500,1,0,171,116,NULL),
(400,4000,1,0,174,116,NULL),
(401,4000,1,0,173,116,NULL),
(402,4500,1,0,171,116,NULL),
(404,4000,1,0,171,117,NULL),
(405,4000,1,0,174,117,NULL),
(407,4000,1,0,171,117,NULL),
(408,4000,1,0,174,117,NULL),
(409,4000,1,0,174,118,NULL),
(410,5000,1,0,172,118,NULL),
(411,4500,1,0,171,118,NULL),
(414,4000,1,0,174,118,NULL),
(415,5000,1,0,172,118,NULL),
(416,4500,1,0,171,118,NULL),
(417,4500,1,0,171,119,NULL),
(418,5000,1,0,173,119,NULL),
(419,4000,1,0,174,119,NULL),
(421,4500,1,0,171,119,NULL),
(422,5000,1,0,173,119,NULL),
(423,4000,1,0,174,119,NULL),
(424,4000,1,0,172,120,NULL),
(425,4000,1,0,172,120,NULL),
(427,4000,1,0,173,122,NULL),
(428,4500,1,0,171,122,NULL),
(429,4000,1,0,174,122,NULL),
(431,4000,1,0,173,122,NULL),
(432,4500,1,0,171,122,NULL),
(433,4000,1,0,174,122,NULL),
(435,4000,1,0,174,124,NULL),
(437,4000,1,0,174,124,NULL),
(440,4000,1,0,174,127,NULL),
(444,4000,1,0,174,127,NULL),
(452,4000,1,0,172,131,NULL),
(453,4500,1,0,171,131,NULL),
(455,4000,1,0,172,131,NULL),
(456,4500,1,0,171,131,NULL),
(458,5000,1,0,172,133,NULL),
(460,5000,1,0,172,133,NULL),
(461,15000,6,0,97,134,NULL),
(465,5000,1,0,173,136,NULL),
(466,5000,1,0,173,136,NULL),
(467,4000,1,0,172,137,NULL),
(468,5000,1,0,172,137,NULL),
(469,4500,1,0,171,137,NULL),
(471,4000,1,0,172,137,NULL),
(472,5000,1,0,172,137,NULL),
(473,4500,1,0,171,137,NULL),
(474,4000,1,0,172,138,NULL),
(475,4500,1,0,173,138,NULL),
(477,28000,7,0,171,138,NULL),
(478,4000,1,0,171,138,NULL),
(479,4000,1,0,172,138,NULL),
(480,4500,1,0,173,138,NULL),
(481,28000,1,0,171,138,NULL),
(482,4000,1,0,171,138,NULL),
(483,8000,2,0,174,139,NULL),
(484,4000,1,0,171,139,NULL),
(485,8000,1,0,174,139,NULL),
(486,4000,1,0,171,139,NULL),
(490,2500,1,0,96,143,NULL),
(491,4000,1,0,172,144,NULL),
(492,4000,1,0,173,144,NULL),
(493,3000,2,0,190,144,NULL),
(494,4000,1,0,172,144,NULL),
(495,4000,1,0,173,144,NULL),
(496,4000,1,0,174,145,NULL),
(497,4000,1,0,171,145,NULL),
(498,4000,1,0,174,145,NULL),
(499,1500,1,0,190,145,NULL),
(500,2500,1,0,161,145,NULL),
(501,3500,1,0,192,145,NULL),
(502,4000,1,0,174,145,NULL),
(503,4000,1,0,171,145,NULL),
(504,4000,1,0,174,145,NULL),
(505,4000,1,0,171,146,NULL),
(506,4000,1,0,172,146,NULL),
(507,2500,1,0,161,146,NULL),
(508,4000,1,0,171,146,NULL),
(509,4000,1,0,172,146,NULL),
(510,4000,1,0,171,147,NULL),
(511,4000,1,0,171,147,NULL),
(512,1500,1,0,190,147,NULL),
(513,4000,1,0,171,147,NULL),
(514,4000,1,0,171,147,NULL),
(515,4000,1,0,174,148,NULL),
(516,4000,1,0,171,148,NULL),
(517,4000,1,0,171,148,NULL),
(518,4000,1,0,171,148,NULL),
(519,3500,1,0,192,148,NULL),
(520,5000,2,0,161,148,NULL),
(521,1500,1,0,190,148,NULL),
(522,4000,1,0,174,148,NULL),
(523,4000,1,0,171,148,NULL),
(524,4000,1,0,171,148,NULL),
(525,4000,1,0,171,148,NULL),
(526,4000,1,0,171,149,NULL),
(527,4000,1,0,172,149,NULL),
(528,4000,1,0,174,149,NULL),
(529,4000,1,0,171,149,NULL),
(530,10000,4,0,161,149,NULL),
(531,5000,2,0,161,149,NULL),
(532,4000,1,0,171,149,NULL),
(533,4000,1,0,172,149,NULL),
(534,4000,1,0,174,149,NULL),
(535,4000,1,0,171,149,NULL),
(536,20000,2,0,149,150,NULL),
(537,2500,1,0,161,150,NULL),
(538,7000,1,0,197,150,NULL),
(539,4000,1,0,172,150,NULL),
(540,20000,1,0,149,150,NULL),
(541,7000,1,0,197,150,NULL),
(542,4000,1,0,172,150,NULL),
(543,3500,1,0,102,151,NULL),
(544,4000,1,0,173,151,NULL),
(545,4000,1,0,171,151,NULL),
(546,4000,1,0,171,151,NULL),
(547,3500,1,0,192,151,NULL),
(548,1500,1,0,190,151,NULL),
(549,2500,1,0,201,151,NULL),
(550,1500,1,0,190,151,NULL),
(551,2500,1,0,161,151,NULL),
(552,4000,1,0,173,151,NULL),
(553,4000,1,0,171,151,NULL),
(554,4000,1,0,171,151,NULL),
(555,12000,3,0,171,152,NULL),
(556,1500,1,0,190,152,NULL),
(557,12000,1,0,171,152,NULL),
(558,4000,1,0,174,153,NULL),
(559,4000,1,0,171,153,NULL),
(560,3000,2,0,190,153,NULL),
(561,4000,1,0,174,153,NULL),
(562,4000,1,0,171,153,NULL),
(563,4000,1,0,172,154,NULL),
(564,4000,1,0,174,154,NULL),
(565,2500,1,0,161,154,NULL),
(566,4000,1,0,172,154,NULL),
(567,4000,1,0,174,154,NULL),
(568,4000,1,0,174,155,NULL),
(569,1500,1,0,190,155,NULL),
(570,4000,1,0,174,155,NULL),
(571,4000,1,0,173,156,NULL),
(572,4000,1,0,173,156,NULL),
(573,4000,1,0,171,156,NULL),
(574,1500,1,0,190,156,NULL),
(575,1500,1,0,190,156,NULL),
(576,4000,1,0,173,156,NULL),
(577,4000,1,0,173,156,NULL),
(578,4000,1,0,171,156,NULL),
(579,4000,1,0,171,157,NULL),
(580,4000,1,0,172,157,NULL),
(581,3000,2,0,190,157,NULL),
(582,4000,1,0,171,157,NULL),
(583,4000,1,0,172,157,NULL),
(584,8000,2,0,174,158,NULL),
(585,4000,1,0,173,158,NULL),
(586,5000,2,0,161,158,NULL),
(587,3500,1,0,192,158,NULL),
(588,5000,2,0,161,158,NULL),
(589,8000,1,0,174,158,NULL),
(590,4000,1,0,173,158,NULL),
(591,4000,1,0,171,159,NULL),
(592,8000,2,0,174,159,NULL),
(593,4000,1,0,172,159,NULL),
(594,4000,1,0,172,159,NULL),
(595,5000,2,0,163,159,NULL),
(596,2500,1,0,161,159,NULL),
(597,4000,1,0,171,159,NULL),
(598,8000,1,0,174,159,NULL),
(599,4000,1,0,172,159,NULL),
(600,4000,1,0,172,159,NULL),
(601,4000,1,0,171,160,NULL),
(602,8000,2,0,171,160,NULL),
(603,4000,1,0,171,160,NULL),
(604,7000,2,0,192,160,NULL),
(605,2500,1,0,161,160,NULL),
(606,1500,1,0,190,160,NULL),
(607,4000,1,0,171,160,NULL),
(608,8000,1,0,171,160,NULL),
(609,4000,1,0,171,160,NULL),
(610,10000,1,0,141,161,NULL),
(611,10000,1,0,147,161,NULL),
(612,10000,1,0,141,161,NULL),
(613,10000,1,0,147,161,NULL),
(614,4000,1,0,171,162,NULL),
(615,4000,1,0,171,162,NULL),
(616,2500,1,0,161,162,NULL),
(617,4000,1,0,171,162,NULL),
(618,4000,1,0,171,162,NULL),
(619,8000,2,0,174,163,NULL),
(620,8000,1,0,174,163,NULL),
(621,8000,2,0,174,164,NULL),
(622,4000,1,0,171,164,NULL),
(623,3000,2,0,190,164,NULL),
(624,2500,1,0,191,164,NULL),
(625,4000,1,0,174,164,NULL),
(626,1500,1,0,190,164,NULL),
(627,1500,1,0,166,164,NULL),
(628,8000,1,0,174,164,NULL),
(629,4000,1,0,171,164,NULL),
(630,4000,1,0,174,164,NULL),
(631,4000,1,0,173,165,NULL),
(632,4000,1,0,173,165,NULL),
(633,4000,1,0,172,165,NULL),
(634,4500,1,0,172,165,NULL),
(635,4000,1,0,171,165,NULL),
(636,8000,2,0,171,165,NULL),
(637,10500,7,0,190,165,NULL),
(638,2500,1,0,161,165,NULL),
(639,4000,1,0,173,165,NULL),
(640,4000,1,0,173,165,NULL),
(641,4000,1,0,172,165,NULL),
(642,4500,1,0,172,165,NULL),
(643,4000,1,0,171,165,NULL),
(644,8000,1,0,171,165,NULL),
(645,4500,1,0,172,166,NULL),
(646,4000,1,0,171,166,NULL),
(647,3000,2,0,190,166,NULL),
(648,4500,1,0,172,166,NULL),
(649,4000,1,0,171,166,NULL),
(650,4000,1,0,174,167,NULL),
(651,4000,1,0,171,167,NULL),
(652,5000,2,0,161,167,NULL),
(653,4000,1,0,174,167,NULL),
(654,4000,1,0,171,167,NULL),
(655,4000,1,0,171,168,NULL),
(656,4000,1,0,171,168,NULL),
(657,4000,1,0,172,168,NULL),
(658,4000,1,0,172,168,NULL),
(659,4500,3,0,190,168,NULL),
(660,4000,1,0,171,168,NULL),
(661,4000,1,0,171,168,NULL),
(662,4000,1,0,172,168,NULL),
(663,4000,1,0,172,168,NULL),
(664,2500,1,0,96,169,NULL),
(665,3000,1,0,97,169,NULL),
(666,5000,2,0,191,169,NULL),
(667,3000,2,0,156,169,NULL),
(668,3000,1,0,97,169,NULL),
(669,4000,1,0,172,170,NULL),
(670,3500,1,0,192,170,NULL),
(671,4000,1,0,172,170,NULL),
(672,8000,2,0,171,171,NULL),
(673,4000,1,0,171,171,NULL),
(674,4000,1,0,173,171,NULL),
(675,4500,3,0,190,171,NULL),
(676,-1000,2,0,180,171,NULL),
(677,8000,1,0,171,171,NULL),
(678,4000,1,0,171,171,NULL),
(679,4000,1,0,173,171,NULL),
(680,1500,1,0,156,172,NULL),
(681,4000,1,0,172,173,NULL),
(682,4000,1,0,172,173,NULL),
(683,8000,2,0,174,173,NULL),
(684,4500,3,0,190,173,NULL),
(685,4000,1,0,172,173,NULL),
(686,4000,1,0,172,173,NULL),
(687,8000,1,0,174,173,NULL),
(688,2500,1,0,96,174,NULL),
(689,3000,1,0,99,174,NULL),
(690,9000,2,0,171,174,NULL),
(691,4000,1,0,171,174,NULL),
(692,4000,1,0,174,174,NULL),
(693,6000,4,0,190,174,NULL),
(694,2500,1,0,96,174,NULL),
(695,9000,1,0,171,174,NULL),
(696,4000,1,0,171,174,NULL),
(697,4000,1,0,174,174,NULL),
(698,8000,2,0,174,175,NULL),
(699,4000,2,0,157,175,NULL),
(700,-1000,2,0,180,175,NULL),
(701,8000,1,0,174,175,NULL),
(702,4000,1,0,172,176,NULL),
(703,4000,1,0,172,176,NULL),
(704,4000,1,0,172,176,NULL),
(705,4000,1,0,174,176,NULL),
(706,6000,4,0,190,176,NULL),
(707,2500,1,0,208,176,NULL),
(708,4000,1,0,172,176,NULL),
(709,4000,1,0,172,176,NULL),
(710,4000,1,0,172,176,NULL),
(711,4000,1,0,174,176,NULL),
(712,4000,1,0,171,177,NULL),
(713,5000,2,0,161,177,NULL),
(714,4000,1,0,171,177,NULL),
(715,4000,1,0,171,177,NULL),
(716,4000,1,0,171,177,NULL),
(717,4000,1,0,174,178,NULL),
(718,4000,1,0,171,178,NULL),
(719,4000,1,0,171,178,NULL),
(720,1500,1,0,190,178,NULL),
(721,3500,1,0,192,178,NULL),
(722,4000,1,0,174,178,NULL),
(723,4000,1,0,171,178,NULL),
(724,4000,1,0,171,178,NULL),
(725,4000,1,0,171,179,NULL),
(726,4000,1,0,171,179,NULL),
(727,3000,2,0,190,179,NULL),
(728,4000,1,0,171,179,NULL),
(729,4000,1,0,171,179,NULL),
(730,10000,1,0,149,180,NULL),
(731,9500,1,0,138,180,NULL),
(732,3000,2,0,190,180,NULL),
(733,10000,1,0,149,180,NULL),
(734,9500,1,0,138,180,NULL),
(735,4000,1,0,172,181,NULL),
(736,4000,1,0,174,181,NULL),
(737,8000,2,0,171,181,NULL),
(738,4500,3,0,190,181,NULL),
(739,4000,1,0,172,181,NULL),
(740,4000,1,0,174,181,NULL),
(741,8000,1,0,171,181,NULL),
(742,8000,2,0,174,182,NULL),
(743,1500,1,0,190,182,NULL),
(744,2500,1,0,191,182,NULL),
(745,8000,1,0,174,182,NULL),
(746,8000,2,0,174,183,NULL),
(747,1500,1,0,190,183,NULL),
(748,1500,1,0,190,183,NULL),
(749,8000,1,0,174,183,NULL),
(750,4000,1,0,171,184,NULL),
(751,8000,2,0,174,184,NULL),
(752,1500,1,0,190,184,NULL),
(753,7000,2,0,192,184,NULL),
(754,4000,1,0,171,184,NULL),
(755,8000,1,0,174,184,NULL),
(756,2500,1,0,96,185,NULL),
(757,3000,1,0,99,185,NULL),
(758,3000,1,0,207,185,NULL),
(759,1500,1,0,190,185,NULL),
(760,4000,1,0,171,186,NULL),
(761,8000,1,0,145,186,NULL),
(762,5000,2,0,191,186,NULL),
(763,4000,1,0,171,186,NULL),
(764,8000,1,0,145,186,NULL),
(765,4000,1,0,171,187,NULL),
(766,4000,1,0,172,187,NULL),
(767,3000,2,0,190,187,NULL),
(768,4000,1,0,171,187,NULL),
(769,4000,1,0,172,187,NULL),
(770,4000,1,0,174,188,NULL),
(771,4000,1,0,173,188,NULL),
(772,3000,2,0,190,188,NULL),
(773,4000,1,0,174,188,NULL),
(774,4000,1,0,173,188,NULL),
(775,14000,1,0,146,189,NULL),
(776,2500,1,0,161,189,NULL),
(777,3000,2,0,190,189,NULL),
(778,14000,1,0,146,189,NULL),
(779,4000,1,0,171,190,NULL),
(780,4000,1,0,171,190,NULL),
(781,1500,1,0,190,190,NULL),
(782,4000,1,0,171,190,NULL),
(783,4000,1,0,171,190,NULL),
(784,4000,1,0,171,191,NULL),
(785,4000,1,0,172,191,NULL),
(786,4000,1,0,174,191,NULL),
(787,4500,3,0,190,191,NULL),
(788,4000,1,0,171,191,NULL),
(789,4000,1,0,172,191,NULL),
(790,4000,1,0,174,191,NULL),
(791,4000,1,0,172,192,NULL),
(792,4000,1,0,171,192,NULL),
(793,4000,1,0,172,192,NULL),
(794,4000,1,0,171,192,NULL),
(795,10000,1,0,124,193,NULL),
(796,10000,1,0,128,193,NULL),
(797,7000,2,0,192,193,NULL),
(798,10000,1,0,124,193,NULL),
(799,10000,1,0,128,193,NULL),
(800,6500,1,0,212,194,NULL),
(801,10000,1,0,152,194,NULL),
(802,3000,1,0,207,194,NULL),
(803,7000,2,0,192,194,NULL),
(804,1500,1,0,190,194,NULL),
(805,3500,1,0,192,194,NULL),
(806,6500,1,0,212,194,NULL),
(807,10000,1,0,152,194,NULL),
(808,3000,1,0,207,194,NULL),
(809,2500,1,0,96,195,NULL),
(810,8000,2,0,174,195,NULL),
(811,18000,2,0,122,195,NULL),
(812,7500,5,0,190,195,NULL),
(813,8000,1,0,174,195,NULL),
(814,18000,1,0,122,195,NULL),
(815,4000,1,0,172,196,NULL),
(816,3000,1,0,207,196,NULL),
(817,4000,1,0,171,196,NULL),
(818,4000,1,0,171,196,NULL),
(819,4000,1,0,173,196,NULL),
(820,6000,4,0,190,196,NULL),
(821,4000,1,0,172,196,NULL),
(822,3000,1,0,207,196,NULL),
(823,4000,1,0,171,196,NULL),
(824,4000,1,0,171,196,NULL),
(825,4000,1,0,173,196,NULL),
(826,4000,1,0,171,197,NULL),
(827,4000,1,0,171,197,NULL),
(828,4000,1,0,171,197,NULL),
(829,4000,1,0,172,197,NULL),
(830,3500,1,0,192,197,NULL),
(831,7500,3,0,161,197,NULL),
(832,4000,1,0,171,197,NULL),
(833,4000,1,0,171,197,NULL),
(834,4000,1,0,171,197,NULL),
(835,4000,1,0,172,197,NULL),
(836,4000,1,0,172,198,NULL),
(837,4000,1,0,173,198,NULL),
(838,4000,1,0,174,198,NULL),
(839,4000,1,0,171,198,NULL),
(840,-2000,4,0,180,198,NULL),
(841,4000,1,0,172,198,NULL),
(842,4000,1,0,173,198,NULL),
(843,4000,1,0,174,198,NULL),
(844,4000,1,0,171,198,NULL),
(845,4000,1,0,174,199,NULL),
(846,2000,1,0,157,199,NULL),
(847,4000,1,0,174,199,NULL),
(848,4000,1,0,171,200,NULL),
(849,4000,1,0,171,200,NULL),
(850,1500,1,0,190,200,NULL),
(851,4000,1,0,171,200,NULL),
(852,4000,1,0,171,200,NULL),
(853,4000,1,0,171,201,NULL),
(854,4000,1,0,171,201,NULL),
(855,5000,2,0,161,201,NULL),
(856,4000,1,0,171,201,NULL),
(857,4000,1,0,171,201,NULL),
(858,4000,1,0,171,202,NULL),
(859,4000,1,0,171,202,NULL),
(860,4000,1,0,171,202,NULL),
(861,3000,2,0,190,202,NULL),
(862,2500,1,0,191,202,NULL),
(863,4000,1,0,171,202,NULL),
(864,4000,1,0,171,202,NULL),
(865,4000,1,0,171,202,NULL),
(866,5000,2,0,96,203,NULL),
(867,12000,3,0,174,203,NULL),
(868,4000,1,0,171,203,NULL),
(869,4000,1,0,171,203,NULL),
(870,4000,1,0,171,203,NULL),
(871,8000,1,0,214,203,NULL),
(872,2500,1,0,208,203,NULL),
(873,6000,4,0,190,203,NULL),
(874,2500,1,0,161,203,NULL),
(875,2500,1,0,161,203,NULL),
(876,12000,1,0,174,203,NULL),
(877,4000,1,0,171,203,NULL),
(878,4000,1,0,171,203,NULL),
(879,4000,1,0,171,203,NULL),
(880,8000,1,0,214,203,NULL),
(881,8000,2,0,171,204,NULL),
(882,4000,1,0,171,204,NULL),
(883,3000,2,0,190,204,NULL),
(884,2500,1,0,161,204,NULL),
(885,8000,1,0,171,204,NULL),
(886,4000,1,0,171,204,NULL),
(887,9000,1,0,110,205,NULL),
(888,8000,2,0,174,205,NULL),
(889,4500,3,0,190,205,NULL),
(890,1500,1,0,190,205,NULL),
(891,8000,1,0,174,205,NULL),
(892,4000,1,0,174,206,NULL),
(893,8500,1,0,121,206,NULL),
(894,5000,2,0,161,206,NULL),
(895,4000,1,0,174,206,NULL),
(896,8500,1,0,121,206,NULL),
(897,4000,1,0,174,207,NULL),
(898,8000,2,0,171,207,NULL),
(899,7000,1,0,197,207,NULL),
(900,-1000,1,0,181,207,NULL),
(901,4000,1,0,174,207,NULL),
(902,8000,1,0,171,207,NULL),
(903,7000,1,0,197,207,NULL),
(904,8500,1,0,121,208,NULL),
(905,8500,1,0,121,208,NULL),
(906,3000,2,0,190,208,NULL),
(907,8500,1,0,121,208,NULL),
(908,8500,1,0,121,208,NULL),
(909,4000,1,0,171,209,NULL),
(910,4000,1,0,174,209,NULL),
(911,3000,2,0,190,209,NULL),
(912,4000,1,0,171,209,NULL),
(913,4000,1,0,174,209,NULL),
(914,16000,4,0,171,210,NULL),
(915,4000,1,0,171,210,NULL),
(916,2500,1,0,161,210,NULL),
(917,4500,3,0,190,210,NULL),
(918,16000,1,0,171,210,NULL),
(919,4000,1,0,171,210,NULL),
(920,4000,1,0,173,211,NULL),
(921,8000,2,0,172,211,NULL),
(922,4000,1,0,173,211,NULL),
(923,4000,1,0,172,211,NULL),
(924,4000,1,0,173,211,NULL),
(925,4000,1,0,173,211,NULL),
(926,8000,2,0,174,211,NULL),
(927,4000,1,0,171,211,NULL),
(928,8000,1,0,214,211,NULL),
(929,10500,7,0,190,211,NULL),
(930,4000,1,0,173,211,NULL),
(931,8000,1,0,172,211,NULL),
(932,4000,1,0,173,211,NULL),
(933,4000,1,0,172,211,NULL),
(934,4000,1,0,173,211,NULL),
(935,4000,1,0,173,211,NULL),
(936,8000,1,0,174,211,NULL),
(937,4000,1,0,171,211,NULL),
(938,8000,1,0,214,211,NULL),
(939,4000,1,0,171,212,NULL),
(940,4000,1,0,174,212,NULL),
(941,2500,1,0,161,212,NULL),
(942,2000,1,0,157,212,NULL),
(943,4000,1,0,171,212,NULL),
(944,4000,1,0,174,212,NULL),
(945,4000,1,0,171,213,NULL),
(946,2000,1,0,157,213,NULL),
(947,4000,1,0,171,213,NULL),
(948,5000,1,0,171,214,NULL),
(949,4500,1,0,171,214,NULL),
(950,3000,1,0,207,214,NULL),
(951,5000,1,0,171,214,NULL),
(952,4500,1,0,171,214,NULL),
(953,3000,1,0,207,214,NULL),
(954,8000,2,0,174,215,NULL),
(955,3000,2,0,190,215,NULL),
(956,8000,1,0,174,215,NULL),
(957,4000,1,0,171,216,NULL),
(958,4000,1,0,173,216,NULL),
(959,2000,1,0,157,216,NULL),
(960,4000,1,0,171,216,NULL),
(961,4000,1,0,173,216,NULL),
(962,4000,1,0,174,217,NULL),
(963,5000,1,0,171,217,NULL),
(964,5000,1,0,172,217,NULL),
(965,4500,3,0,190,217,NULL),
(966,4000,1,0,174,217,NULL),
(967,5000,1,0,171,217,NULL),
(968,5000,1,0,172,217,NULL),
(969,4000,1,0,173,218,NULL),
(970,4000,1,0,171,218,NULL),
(971,4000,1,0,171,218,NULL),
(972,4000,1,0,172,218,NULL),
(973,6000,4,0,190,218,NULL),
(974,1500,1,0,190,218,NULL),
(975,3500,1,0,192,218,NULL),
(976,4000,1,0,173,218,NULL),
(977,4000,1,0,171,218,NULL),
(978,4000,1,0,171,218,NULL),
(979,4000,1,0,172,218,NULL),
(980,4000,1,0,171,219,NULL),
(981,4000,1,0,171,219,NULL),
(982,2000,1,0,157,219,NULL),
(983,4000,1,0,171,219,NULL),
(984,4000,1,0,171,219,NULL),
(985,8000,2,0,173,220,NULL),
(986,7000,2,0,192,220,NULL),
(987,7000,2,0,192,220,NULL),
(988,8000,1,0,173,220,NULL),
(989,10000,1,0,95,221,NULL),
(990,9500,1,0,107,221,NULL),
(991,16000,2,0,119,221,NULL),
(992,14000,2,0,117,221,NULL),
(993,10000,1,0,133,221,NULL),
(994,8000,1,0,214,221,NULL),
(995,3000,2,0,190,221,NULL),
(996,16000,1,0,119,221,NULL),
(997,14000,1,0,117,221,NULL),
(998,10000,1,0,133,221,NULL),
(999,8000,1,0,214,221,NULL),
(1000,3000,1,0,99,222,NULL),
(1001,4000,1,0,173,222,NULL),
(1002,4000,1,0,171,222,NULL),
(1003,2500,1,0,161,222,NULL),
(1004,3000,2,0,190,222,NULL),
(1005,4000,1,0,173,222,NULL),
(1006,4000,1,0,171,222,NULL),
(1007,4000,1,0,174,223,NULL),
(1008,4000,1,0,171,223,NULL),
(1009,1500,1,0,190,223,NULL),
(1010,4000,1,0,174,223,NULL),
(1011,4000,1,0,171,223,NULL),
(1012,9500,1,0,104,224,NULL),
(1013,12000,1,0,139,224,NULL),
(1014,9500,1,0,196,224,NULL),
(1015,7000,2,0,192,224,NULL),
(1016,2000,1,0,157,224,NULL),
(1017,12000,1,0,139,224,NULL),
(1018,9500,1,0,196,224,NULL),
(1019,4000,1,0,172,225,NULL),
(1020,4000,1,0,171,225,NULL),
(1021,4000,1,0,171,225,NULL),
(1022,4000,1,0,171,225,NULL),
(1023,8000,2,0,174,225,NULL),
(1024,4500,3,0,190,225,NULL),
(1025,4000,1,0,172,225,NULL),
(1026,4000,1,0,171,225,NULL),
(1027,4000,1,0,171,225,NULL),
(1028,4000,1,0,171,225,NULL),
(1029,8000,1,0,174,225,NULL),
(1030,4000,1,0,171,226,NULL),
(1031,12000,3,0,174,226,NULL),
(1032,6000,4,0,190,226,NULL),
(1033,4000,1,0,173,226,NULL),
(1034,3000,2,0,190,226,NULL),
(1035,4000,1,0,171,226,NULL),
(1036,12000,1,0,174,226,NULL),
(1037,4000,1,0,173,226,NULL),
(1038,16000,4,0,174,227,NULL),
(1039,4000,1,0,171,227,NULL),
(1040,6000,4,0,190,227,NULL),
(1041,16000,1,0,174,227,NULL),
(1042,4000,1,0,171,227,NULL),
(1043,8000,2,0,171,228,NULL),
(1044,9000,1,0,130,228,NULL),
(1045,1500,1,0,190,228,NULL),
(1046,2500,1,0,161,228,NULL),
(1047,2500,1,0,163,228,NULL),
(1048,8000,1,0,171,228,NULL),
(1049,9000,1,0,130,228,NULL),
(1050,4000,1,0,174,229,NULL),
(1051,4000,1,0,171,229,NULL),
(1052,4500,3,0,190,229,NULL),
(1053,2500,1,0,163,229,NULL),
(1054,4000,1,0,174,229,NULL),
(1055,4000,1,0,171,229,NULL),
(1056,4000,1,0,171,230,NULL),
(1057,4000,1,0,174,230,NULL),
(1058,2000,1,0,157,230,NULL),
(1059,2500,1,0,161,230,NULL),
(1060,4000,1,0,171,230,NULL),
(1061,4000,1,0,174,230,NULL),
(1062,4000,1,0,171,231,NULL),
(1063,4000,1,0,171,231,NULL),
(1064,4000,1,0,172,231,NULL),
(1065,3000,1,0,207,231,NULL),
(1066,3000,2,0,190,231,NULL),
(1067,2500,1,0,161,231,NULL),
(1068,4000,1,0,171,231,NULL),
(1069,4000,1,0,171,231,NULL),
(1070,4000,1,0,172,231,NULL),
(1071,3000,1,0,207,231,NULL),
(1072,8000,2,0,171,232,NULL),
(1073,4000,1,0,174,232,NULL),
(1074,1500,1,0,190,232,NULL),
(1075,8000,1,0,171,232,NULL),
(1076,4000,1,0,174,232,NULL),
(1077,4000,1,0,172,233,NULL),
(1078,4000,1,0,172,233,NULL),
(1079,3000,2,0,190,233,NULL),
(1080,4000,1,0,172,233,NULL),
(1081,4000,1,0,172,233,NULL),
(1082,4000,1,0,173,234,NULL),
(1083,4000,1,0,172,234,NULL),
(1084,4000,1,0,171,234,NULL),
(1085,4000,1,0,171,234,NULL),
(1086,4000,1,0,171,234,NULL),
(1087,3000,2,0,190,234,NULL),
(1088,4000,1,0,173,234,NULL),
(1089,4000,1,0,172,234,NULL),
(1090,4000,1,0,171,234,NULL),
(1091,4000,1,0,171,234,NULL),
(1092,4000,1,0,171,234,NULL),
(1093,3000,1,0,207,235,NULL),
(1094,4000,1,0,172,235,NULL),
(1095,4000,1,0,172,235,NULL),
(1096,4000,1,0,173,235,NULL),
(1097,4000,1,0,171,235,NULL),
(1098,7500,5,0,190,235,NULL),
(1099,3000,1,0,207,235,NULL),
(1100,4000,1,0,172,235,NULL),
(1101,4000,1,0,172,235,NULL),
(1102,4000,1,0,173,235,NULL),
(1103,4000,1,0,171,235,NULL),
(1104,8000,2,0,171,236,NULL),
(1105,3000,1,0,160,236,NULL),
(1106,2500,1,0,191,236,NULL),
(1107,8000,1,0,171,236,NULL),
(1108,4000,1,0,171,237,NULL),
(1109,4000,1,0,172,237,NULL),
(1110,4000,1,0,171,237,NULL),
(1111,4000,1,0,172,237,NULL),
(1112,4000,1,0,171,238,NULL),
(1113,4000,1,0,171,238,NULL),
(1114,3000,2,0,190,238,NULL),
(1115,4000,1,0,171,238,NULL),
(1116,4000,1,0,171,238,NULL),
(1117,7500,1,0,118,239,NULL),
(1118,2500,1,0,191,239,NULL),
(1119,7500,1,0,118,239,NULL),
(1120,4000,1,0,171,240,NULL),
(1121,4000,1,0,172,240,NULL),
(1122,4000,1,0,171,240,NULL),
(1123,9000,1,0,130,240,NULL),
(1124,1500,1,0,190,240,NULL),
(1125,3500,1,0,192,240,NULL),
(1126,5000,2,0,161,240,NULL),
(1127,4000,1,0,171,240,NULL),
(1128,4000,1,0,172,240,NULL),
(1129,4000,1,0,171,240,NULL),
(1130,9000,1,0,130,240,NULL),
(1131,8000,2,0,174,241,NULL),
(1132,4000,1,0,171,241,NULL),
(1133,4500,3,0,190,241,NULL),
(1134,8000,1,0,174,241,NULL),
(1135,4000,1,0,171,241,NULL),
(1136,6000,2,0,97,242,NULL),
(1137,3000,2,0,190,242,NULL),
(1138,6000,1,0,97,242,NULL),
(1139,4000,1,0,171,243,NULL),
(1140,4000,1,0,174,243,NULL),
(1141,5000,2,0,161,243,NULL),
(1142,4000,1,0,171,243,NULL),
(1143,4000,1,0,174,243,NULL),
(1144,8000,2,0,174,244,NULL),
(1145,4000,1,0,171,244,NULL),
(1146,4500,3,0,190,244,NULL),
(1147,8000,1,0,174,244,NULL),
(1148,4000,1,0,171,244,NULL),
(1149,4000,1,0,174,245,NULL),
(1150,4000,1,0,171,245,NULL),
(1151,4000,1,0,171,245,NULL),
(1152,4000,1,0,171,245,NULL),
(1153,4000,1,0,171,245,NULL),
(1154,4000,1,0,171,245,NULL),
(1155,4000,1,0,173,245,NULL),
(1156,7500,5,0,190,245,NULL),
(1157,4000,1,0,174,245,NULL),
(1158,4000,1,0,171,245,NULL),
(1159,4000,1,0,171,245,NULL),
(1160,4000,1,0,171,245,NULL),
(1161,4000,1,0,171,245,NULL),
(1162,4000,1,0,171,245,NULL),
(1163,4000,1,0,173,245,NULL),
(1164,6000,2,0,99,246,NULL),
(1165,8000,2,0,171,246,NULL),
(1166,5000,2,0,161,246,NULL),
(1167,6000,1,0,99,246,NULL),
(1168,8000,1,0,171,246,NULL),
(1169,4000,1,0,173,247,NULL),
(1170,4000,1,0,173,247,NULL),
(1171,1500,1,0,190,247,NULL),
(1172,4000,1,0,173,247,NULL),
(1173,4000,1,0,173,247,NULL),
(1174,4000,1,0,171,248,NULL),
(1175,8000,2,0,174,248,NULL),
(1176,4000,1,0,172,248,NULL),
(1177,4000,1,0,173,248,NULL),
(1178,4000,1,0,171,248,NULL),
(1179,1500,1,0,190,248,NULL),
(1180,5000,2,0,191,248,NULL),
(1181,7500,3,0,161,248,NULL),
(1182,4000,1,0,171,248,NULL),
(1183,8000,1,0,174,248,NULL),
(1184,4000,1,0,172,248,NULL),
(1185,4000,1,0,173,248,NULL),
(1186,4000,1,0,171,248,NULL),
(1187,6000,2,0,99,249,NULL),
(1188,5000,2,0,96,249,NULL),
(1189,4000,1,0,171,249,NULL),
(1190,4000,1,0,174,249,NULL),
(1191,6000,4,0,190,249,NULL),
(1192,6000,1,0,99,249,NULL),
(1193,5000,1,0,96,249,NULL),
(1194,4000,1,0,171,249,NULL),
(1195,4000,1,0,174,249,NULL),
(1196,8500,1,0,121,250,NULL),
(1197,7000,1,0,154,250,NULL),
(1198,8000,1,0,119,250,NULL),
(1199,8500,1,0,121,250,NULL),
(1200,10000,1,0,196,250,NULL),
(1201,8000,1,0,154,250,NULL),
(1202,12500,5,0,161,250,NULL),
(1203,2500,1,0,191,250,NULL),
(1204,8500,1,0,121,250,NULL),
(1205,7000,1,0,154,250,NULL),
(1206,8000,1,0,119,250,NULL),
(1207,8500,1,0,121,250,NULL),
(1208,10000,1,0,196,250,NULL),
(1209,8000,1,0,154,250,NULL),
(1210,4000,1,0,174,251,NULL),
(1211,4000,1,0,171,251,NULL),
(1212,4000,1,0,172,251,NULL),
(1213,8000,2,0,172,251,NULL),
(1214,4000,1,0,172,251,NULL),
(1215,4000,1,0,171,251,NULL),
(1216,4000,1,0,171,251,NULL),
(1217,4000,1,0,171,251,NULL),
(1218,4000,1,0,171,251,NULL),
(1219,7500,5,0,190,251,NULL),
(1220,10000,4,0,161,251,NULL),
(1221,2000,1,0,157,251,NULL),
(1222,4000,1,0,172,251,NULL),
(1223,2500,1,0,161,251,NULL),
(1224,2500,1,0,161,251,NULL),
(1225,-5000,1,0,189,251,NULL),
(1226,-500,1,0,180,251,NULL),
(1227,4000,1,0,174,251,NULL),
(1228,4000,1,0,171,251,NULL),
(1229,4000,1,0,172,251,NULL),
(1230,8000,1,0,172,251,NULL),
(1231,4000,1,0,172,251,NULL),
(1232,4000,1,0,171,251,NULL),
(1233,4000,1,0,171,251,NULL),
(1234,4000,1,0,171,251,NULL),
(1235,4000,1,0,171,251,NULL),
(1236,4000,1,0,172,251,NULL),
(1237,12000,3,0,171,252,NULL),
(1238,4500,3,0,190,252,NULL),
(1239,12000,1,0,171,252,NULL),
(1240,2500,1,0,96,253,NULL),
(1241,4000,1,0,171,253,NULL),
(1242,8000,2,0,171,253,NULL),
(1243,4000,1,0,171,253,NULL),
(1244,4000,1,0,171,253,NULL),
(1245,4000,1,0,171,253,NULL),
(1246,4000,1,0,173,253,NULL),
(1247,4000,1,0,172,253,NULL),
(1248,7000,1,0,197,253,NULL),
(1249,10500,3,0,192,253,NULL),
(1250,1500,1,0,190,253,NULL),
(1251,1500,1,0,190,253,NULL),
(1252,2500,1,0,96,253,NULL),
(1253,4000,1,0,171,253,NULL),
(1254,8000,1,0,171,253,NULL),
(1255,4000,1,0,171,253,NULL),
(1256,4000,1,0,171,253,NULL),
(1257,4000,1,0,171,253,NULL),
(1258,4000,1,0,173,253,NULL),
(1259,4000,1,0,172,253,NULL),
(1260,7000,1,0,197,253,NULL),
(1261,7500,1,0,118,254,NULL),
(1262,4000,1,0,173,254,NULL),
(1263,4000,1,0,174,254,NULL),
(1264,3000,2,0,190,254,NULL),
(1265,2500,1,0,191,254,NULL),
(1266,7500,1,0,118,254,NULL),
(1267,4000,1,0,173,254,NULL),
(1268,4000,1,0,174,254,NULL),
(1269,4000,1,0,171,255,NULL),
(1270,4000,1,0,171,255,NULL),
(1271,3000,2,0,190,255,NULL),
(1272,4000,1,0,171,255,NULL),
(1273,4000,1,0,171,255,NULL),
(1274,4000,1,0,174,256,NULL),
(1275,4000,1,0,171,256,NULL),
(1276,4000,1,0,174,256,NULL),
(1277,4000,1,0,171,256,NULL),
(1278,10000,1,0,149,257,NULL),
(1279,10000,1,0,149,257,NULL),
(1280,8000,2,0,171,258,NULL),
(1281,1500,1,0,190,258,NULL),
(1282,2500,1,0,191,258,NULL),
(1283,8000,1,0,171,258,NULL),
(1284,8000,2,0,174,259,NULL),
(1285,4000,1,0,171,259,NULL),
(1286,4500,3,0,190,259,NULL),
(1287,8000,1,0,174,259,NULL),
(1288,4000,1,0,171,259,NULL),
(1289,4000,1,0,171,260,NULL),
(1290,4000,1,0,171,260,NULL),
(1291,5000,2,0,161,260,NULL),
(1292,4000,1,0,171,260,NULL),
(1293,4000,1,0,171,260,NULL),
(1294,2500,1,0,96,261,NULL),
(1295,2500,1,0,161,261,NULL),
(1296,2500,1,0,96,261,NULL),
(1297,4000,1,0,171,262,NULL),
(1298,2500,1,0,161,262,NULL),
(1299,3500,1,0,192,262,NULL),
(1300,4000,1,0,171,262,NULL),
(1301,12000,1,0,111,263,NULL),
(1302,9500,1,0,103,263,NULL),
(1303,19000,2,0,107,263,NULL),
(1304,5000,2,0,96,263,NULL),
(1305,18000,2,0,122,263,NULL),
(1306,9000,1,0,122,263,NULL),
(1307,9000,1,0,130,263,NULL),
(1308,8500,1,0,121,263,NULL),
(1309,8000,1,0,214,263,NULL),
(1310,4000,1,0,209,263,NULL),
(1311,5000,2,0,161,263,NULL),
(1312,1500,1,0,190,263,NULL),
(1313,2500,1,0,161,263,NULL),
(1314,7000,1,0,197,263,NULL),
(1315,1500,1,0,190,263,NULL),
(1316,5000,2,0,161,263,NULL),
(1317,4500,3,0,156,263,NULL),
(1318,12000,1,0,111,263,NULL),
(1319,9500,1,0,103,263,NULL),
(1320,19000,1,0,107,263,NULL),
(1321,5000,1,0,96,263,NULL),
(1322,18000,1,0,122,263,NULL),
(1323,9000,1,0,122,263,NULL),
(1324,9000,1,0,130,263,NULL),
(1325,8500,1,0,121,263,NULL),
(1326,8000,1,0,214,263,NULL),
(1327,7000,1,0,197,263,NULL),
(1328,3000,2,0,190,264,NULL),
(1329,4000,1,0,171,265,NULL),
(1330,4000,1,0,174,265,NULL),
(1331,2500,1,0,191,265,NULL),
(1332,4000,1,0,171,265,NULL),
(1333,4000,1,0,174,265,NULL),
(1334,4000,1,0,171,266,NULL),
(1335,4000,1,0,171,266,NULL),
(1336,3000,2,0,190,266,NULL),
(1337,4000,1,0,171,266,NULL),
(1338,4000,1,0,171,266,NULL),
(1339,16000,2,0,116,267,NULL),
(1340,2000,1,0,157,267,NULL),
(1341,2500,1,0,161,267,NULL),
(1342,16000,1,0,116,267,NULL),
(1343,4000,1,0,171,268,NULL),
(1344,4000,1,0,171,268,NULL),
(1345,4000,1,0,172,268,NULL),
(1346,4000,1,0,173,268,NULL),
(1347,6000,4,0,190,268,NULL),
(1348,4000,1,0,171,268,NULL),
(1349,4000,1,0,171,268,NULL),
(1350,4000,1,0,172,268,NULL),
(1351,4000,1,0,173,268,NULL),
(1352,4000,1,0,174,269,NULL),
(1353,4000,1,0,171,269,NULL),
(1354,2500,1,0,161,269,NULL),
(1355,1500,1,0,190,269,NULL),
(1356,4000,1,0,174,269,NULL),
(1357,4000,1,0,171,269,NULL),
(1358,4000,1,0,171,270,NULL),
(1359,4000,1,0,171,270,NULL),
(1360,7000,2,0,192,270,NULL),
(1361,4000,1,0,171,270,NULL),
(1362,4000,1,0,171,270,NULL),
(1363,4000,1,0,172,271,NULL),
(1364,4000,1,0,171,271,NULL),
(1365,3000,2,0,190,271,NULL),
(1366,3500,1,0,192,271,NULL),
(1367,8000,1,0,154,271,NULL),
(1368,1500,1,0,190,271,NULL),
(1369,4000,1,0,172,271,NULL),
(1370,4000,1,0,171,271,NULL),
(1371,8000,1,0,154,271,NULL),
(1372,8000,2,0,171,272,NULL),
(1373,8000,2,0,174,272,NULL),
(1374,8000,2,0,173,272,NULL),
(1375,8000,2,0,171,272,NULL),
(1376,12000,8,0,190,272,NULL),
(1377,8000,1,0,171,272,NULL),
(1378,8000,1,0,174,272,NULL),
(1379,8000,1,0,173,272,NULL),
(1380,8000,1,0,171,272,NULL),
(1381,20000,2,0,147,273,NULL),
(1382,5000,2,0,161,273,NULL),
(1383,20000,1,0,147,273,NULL),
(1384,4000,1,0,171,274,NULL),
(1385,16000,2,0,119,274,NULL),
(1386,8000,2,0,172,274,NULL),
(1387,5000,2,0,161,274,NULL),
(1388,4500,3,0,190,274,NULL),
(1389,1500,1,0,190,274,NULL),
(1390,4000,1,0,171,274,NULL),
(1391,16000,1,0,119,274,NULL),
(1392,8000,1,0,172,274,NULL),
(1393,8000,2,0,171,275,NULL),
(1394,4000,1,0,174,275,NULL),
(1395,4500,3,0,190,275,NULL),
(1396,8000,1,0,171,275,NULL),
(1397,4000,1,0,174,275,NULL),
(1398,4000,1,0,174,276,NULL),
(1399,8000,2,0,171,276,NULL),
(1400,4000,1,0,171,276,NULL),
(1401,10000,4,0,161,276,NULL),
(1402,1500,1,0,190,276,NULL),
(1403,4000,1,0,174,276,NULL),
(1404,8000,1,0,171,276,NULL),
(1405,4000,1,0,171,276,NULL),
(1406,4000,1,0,172,277,NULL),
(1407,4000,1,0,173,277,NULL),
(1408,4000,1,0,172,277,NULL),
(1409,4000,1,0,173,277,NULL),
(1410,4000,1,0,173,277,NULL),
(1411,4000,1,0,172,277,NULL),
(1412,4000,1,0,173,277,NULL),
(1413,4000,1,0,172,277,NULL),
(1414,4000,1,0,173,277,NULL),
(1415,4000,1,0,173,277,NULL),
(1416,4000,1,0,171,278,NULL),
(1417,4000,1,0,174,278,NULL),
(1418,1500,1,0,190,278,NULL),
(1419,2000,1,0,157,278,NULL),
(1420,4000,1,0,171,278,NULL),
(1421,4000,1,0,174,278,NULL),
(1422,16000,1,0,151,279,NULL),
(1423,8000,1,0,154,279,NULL),
(1424,3000,2,0,190,279,NULL),
(1425,16000,1,0,151,279,NULL),
(1426,8000,1,0,154,279,NULL),
(1427,7000,1,0,153,280,NULL),
(1428,7000,1,0,154,280,NULL),
(1429,8500,1,0,121,280,NULL),
(1430,4000,1,0,209,280,NULL),
(1431,1500,1,0,190,280,NULL),
(1432,7500,3,0,161,280,NULL),
(1433,7000,1,0,153,280,NULL),
(1434,7000,1,0,154,280,NULL),
(1435,8500,1,0,121,280,NULL),
(1436,4000,1,0,172,281,NULL),
(1437,4000,1,0,173,281,NULL),
(1438,4000,1,0,171,281,NULL),
(1439,4000,1,0,172,281,NULL),
(1440,4500,3,0,190,281,NULL),
(1441,3500,1,0,192,281,NULL),
(1442,4000,1,0,172,281,NULL),
(1443,4000,1,0,173,281,NULL),
(1444,4000,1,0,171,281,NULL),
(1445,4000,1,0,172,281,NULL),
(1446,4000,1,0,171,282,NULL),
(1447,4000,1,0,171,282,NULL),
(1448,4000,1,0,172,282,NULL),
(1449,3000,2,0,190,282,NULL),
(1450,4000,1,0,171,282,NULL),
(1451,4000,1,0,171,282,NULL),
(1452,4000,1,0,172,282,NULL),
(1453,4000,1,0,171,283,NULL),
(1454,4000,1,0,173,283,NULL),
(1455,4000,1,0,171,283,NULL),
(1456,7500,5,0,190,283,NULL),
(1457,4000,1,0,171,283,NULL),
(1458,4000,1,0,173,283,NULL),
(1459,4000,1,0,171,283,NULL),
(1460,4000,1,0,171,284,NULL),
(1461,4000,1,0,171,284,NULL),
(1462,4000,1,0,171,284,NULL),
(1463,6000,4,0,190,284,NULL),
(1464,4000,1,0,172,284,NULL),
(1465,4000,1,0,171,284,NULL),
(1466,4000,1,0,171,284,NULL),
(1467,4000,1,0,171,284,NULL),
(1468,4000,1,0,172,284,NULL),
(1469,4000,1,0,171,285,NULL),
(1470,4000,1,0,171,285,NULL),
(1471,4000,1,0,171,285,NULL),
(1472,4000,1,0,171,285,NULL),
(1473,8000,2,0,174,286,NULL),
(1474,1500,1,0,190,286,NULL),
(1475,8000,1,0,174,286,NULL),
(1476,4000,1,0,174,287,NULL),
(1477,1500,1,0,190,288,NULL),
(1478,3500,1,0,211,288,NULL),
(1479,4000,1,0,172,289,NULL),
(1480,2500,1,0,201,290,NULL),
(1481,4500,1,0,172,291,NULL),
(1482,4000,1,0,172,292,NULL),
(1483,5000,1,0,172,292,NULL);
/*!40000 ALTER TABLE `detalle_boleta` ENABLE KEYS */;

-- 
-- Definition of deudas
-- 

DROP TABLE IF EXISTS `deudas`;
CREATE TABLE IF NOT EXISTS `deudas` (
  `id` int(11) NOT NULL AUTO_INCREMENT,
  `cantidad` int(11) DEFAULT NULL,
  `fecha` datetime DEFAULT NULL,
  `saldada` tinyint(1) DEFAULT NULL,
  `producto_id` int(11) DEFAULT NULL,
  `cliente_id` int(11) DEFAULT NULL,
  `comentario` varchar(200) DEFAULT NULL,
  PRIMARY KEY (`id`),
  KEY `producto_id` (`producto_id`),
  KEY `cliente_id` (`cliente_id`),
  CONSTRAINT `deudas_ibfk_1` FOREIGN KEY (`producto_id`) REFERENCES `productos` (`id`) ON UPDATE CASCADE,
  CONSTRAINT `deudas_ibfk_2` FOREIGN KEY (`cliente_id`) REFERENCES `clientes` (`id`) ON UPDATE CASCADE
) ENGINE=InnoDB DEFAULT CHARSET=utf8;

-- 
-- Dumping data for table deudas
-- 

/*!40000 ALTER TABLE `deudas` DISABLE KEYS */;

/*!40000 ALTER TABLE `deudas` ENABLE KEYS */;

-- 
-- Definition of devolucion
-- 

DROP TABLE IF EXISTS `devolucion`;
CREATE TABLE IF NOT EXISTS `devolucion` (
  `id` int(11) NOT NULL AUTO_INCREMENT,
  `producto_id` int(11) NOT NULL,
  `cantidad` decimal(12,2) NOT NULL,
  `fecha` datetime DEFAULT NULL,
  `monto` decimal(12,2) DEFAULT NULL,
  PRIMARY KEY (`id`),
  KEY `producto_id` (`producto_id`),
  CONSTRAINT `devolucion_ibfk_1` FOREIGN KEY (`producto_id`) REFERENCES `productos` (`id`) ON DELETE CASCADE ON UPDATE CASCADE
) ENGINE=InnoDB DEFAULT CHARSET=utf8;

-- 
-- Dumping data for table devolucion
-- 

/*!40000 ALTER TABLE `devolucion` DISABLE KEYS */;

/*!40000 ALTER TABLE `devolucion` ENABLE KEYS */;

-- 
-- Definition of fiados
-- 

DROP TABLE IF EXISTS `fiados`;
CREATE TABLE IF NOT EXISTS `fiados` (
  `id` int(11) NOT NULL AUTO_INCREMENT,
  `fecha` datetime DEFAULT NULL,
  `total` int(11) DEFAULT NULL,
  `cliente_id` int(11) DEFAULT NULL,
  `usuario_id` int(11) DEFAULT NULL,
  PRIMARY KEY (`id`),
  KEY `cliente_id` (`cliente_id`),
  KEY `usuario_id` (`usuario_id`),
  CONSTRAINT `fiados_ibfk_1` FOREIGN KEY (`cliente_id`) REFERENCES `clientes` (`id`) ON UPDATE CASCADE,
  CONSTRAINT `fiados_ibfk_2` FOREIGN KEY (`usuario_id`) REFERENCES `usuarios` (`id`) ON UPDATE CASCADE
) ENGINE=InnoDB DEFAULT CHARSET=utf8;

-- 
-- Dumping data for table fiados
-- 

/*!40000 ALTER TABLE `fiados` DISABLE KEYS */;

/*!40000 ALTER TABLE `fiados` ENABLE KEYS */;

-- 
-- Definition of gastos
-- 

DROP TABLE IF EXISTS `gastos`;
CREATE TABLE IF NOT EXISTS `gastos` (
  `id` int(11) NOT NULL AUTO_INCREMENT,
  `detalle` varchar(50) DEFAULT NULL,
  `monto` decimal(12,2) DEFAULT NULL,
  `fecha` datetime DEFAULT NULL,
  PRIMARY KEY (`id`)
) ENGINE=InnoDB AUTO_INCREMENT=37 DEFAULT CHARSET=utf8;

-- 
-- Dumping data for table gastos
-- 

/*!40000 ALTER TABLE `gastos` DISABLE KEYS */;
INSERT INTO `gastos`(`id`,`detalle`,`monto`,`fecha`) VALUES
(1,'bolsa basura',2000.00,'2017-12-18 19:07:48'),
(2,'bolsa basura',2000.00,'2017-12-19 14:56:57'),
(3,'virutillas 3 un',300.00,'2017-12-21 11:53:25'),
(4,'2 bolsas basura',1000.00,'2017-12-21 11:53:38'),
(5,'50 bandeja porcionadora',2000.00,'2017-12-21 11:54:02'),
(6,'14 bandeja opara llevar',980.00,'2017-12-21 11:54:23'),
(7,'pan',2600.00,'2017-12-21 11:54:33'),
(8,'pan',2600.00,'2017-12-21 14:40:15'),
(9,'jabon liquido',1390.00,'2017-12-21 14:55:33'),
(10,'pan',4500.00,'2017-12-22 11:03:31'),
(11,'gas',14000.00,'2017-12-22 11:03:48'),
(12,'FIDEOS-SALSA',2060.00,'2017-12-22 14:45:24'),
(13,'FOTOCOPIAS',2000.00,'2017-12-22 14:46:17'),
(14,'CAFE',500.00,'2017-12-22 15:26:23'),
(15,'condimentos',1900.00,'2017-12-22 17:00:16'),
(16,'mayo-azucar',1340.00,'2017-12-22 17:00:34'),
(17,'c.molida',1500.00,'2017-12-22 17:00:46'),
(18,'aseo',1350.00,'2017-12-22 17:01:10'),
(19,'maicena flor',2060.00,'2017-12-22 17:01:24'),
(20,'pollo colacion',5140.00,'2017-12-23 14:35:50'),
(21,'pan',2600.00,'2017-12-23 14:36:01'),
(22,'ccu',22480.00,'2017-12-23 15:23:58'),
(23,'bolsa taco',880.00,'2017-12-23 16:29:59'),
(24,'2 bolsa basura',1000.00,'2017-12-23 17:54:43'),
(25,'virutilla',300.00,'2017-12-23 17:55:04'),
(26,'jugo limon',3290.00,'2017-12-23 17:55:15'),
(27,'mayonesa',780.00,'2017-12-23 17:55:26'),
(28,'cloro',1000.00,'2017-12-23 17:55:37'),
(29,'aji',1000.00,'2017-12-23 17:55:48'),
(30,'PAN',1300.00,'2017-12-24 14:15:19'),
(31,'ASEO',1740.00,'2017-12-24 16:58:15'),
(32,'LIMONES',1600.00,'2017-12-24 16:58:29'),
(33,'pollo-queso',56810.00,'2017-12-28 13:54:54'),
(34,'gas',13000.00,'2017-12-28 13:55:04'),
(35,'pan',6500.00,'2017-12-28 13:55:25'),
(36,'fotocopias',2000.00,'2017-12-28 13:55:35');
/*!40000 ALTER TABLE `gastos` ENABLE KEYS */;

-- 
-- Definition of ingresos
-- 

DROP TABLE IF EXISTS `ingresos`;
CREATE TABLE IF NOT EXISTS `ingresos` (
  `id` int(11) NOT NULL AUTO_INCREMENT,
  `cantidad` int(11) NOT NULL,
  `fecha_desde` datetime DEFAULT NULL,
  `fecha_hasta` datetime DEFAULT NULL,
  `usuario_id` int(11) DEFAULT NULL,
  `caja_inicial_efectivo` int(11) NOT NULL DEFAULT '0',
  PRIMARY KEY (`id`),
  KEY `usuario_id` (`usuario_id`),
  CONSTRAINT `ingresos_ibfk_1` FOREIGN KEY (`usuario_id`) REFERENCES `usuarios` (`id`) ON UPDATE CASCADE
) ENGINE=InnoDB DEFAULT CHARSET=utf8;

-- 
-- Dumping data for table ingresos
-- 

/*!40000 ALTER TABLE `ingresos` DISABLE KEYS */;

/*!40000 ALTER TABLE `ingresos` ENABLE KEYS */;

-- 
-- Definition of jornadas
-- 

DROP TABLE IF EXISTS `jornadas`;
CREATE TABLE IF NOT EXISTS `jornadas` (
  `id` int(11) NOT NULL AUTO_INCREMENT,
  `fecha_apertura` datetime DEFAULT NULL,
  `fecha_cierre` datetime DEFAULT NULL,
  `especial` tinyint(1) DEFAULT NULL,
  `mensaje` varchar(50) DEFAULT NULL,
  `ingresos` int(11) DEFAULT NULL,
  `usuario_id` int(11) DEFAULT NULL,
  `caja_inicial_efectivo` int(11) NOT NULL DEFAULT '0',
  PRIMARY KEY (`id`),
  KEY `usuario_id` (`usuario_id`),
  CONSTRAINT `jornadas_ibfk_1` FOREIGN KEY (`usuario_id`) REFERENCES `usuarios` (`id`) ON DELETE SET NULL ON UPDATE CASCADE
) ENGINE=InnoDB AUTO_INCREMENT=143 DEFAULT CHARSET=utf8;

-- 
-- Dumping data for table jornadas
-- 

/*!40000 ALTER TABLE `jornadas` DISABLE KEYS */;
INSERT INTO `jornadas`(`id`,`fecha_apertura`,`fecha_cierre`,`especial`,`mensaje`,`ingresos`,`usuario_id`,`caja_inicial_efectivo`) VALUES
(131,'2017-01-01 00:00:00','2017-01-01 00:01:00',0,'',0,22,0),
(132,'2017-12-05 06:30:24','2017-12-05 06:30:29',0,'',0,30,0),
(133,'2017-12-18 18:23:50','2017-12-19 14:50:21',0,'',0,30,20000),
(134,'2017-12-19 14:51:11','2017-12-19 15:05:58',0,'',0,30,20000),
(135,'2017-12-19 15:07:20','2017-12-20 18:30:05',0,'',0,30,0),
(136,'2017-12-21 11:38:44','2017-12-21 18:08:36',0,'',0,22,6880),
(137,'2017-12-21 18:16:47','2017-12-21 18:16:56',0,'',0,22,0),
(138,'2017-12-22 10:47:13','2017-12-22 18:08:52',0,'',0,22,0),
(139,'2017-12-23 10:12:48','2017-12-23 18:32:48',0,'',0,22,0),
(140,'2017-12-24 10:04:15','2017-12-27 13:12:27',0,'',0,22,13600),
(141,'2017-12-27 13:14:01','2017-12-27 18:49:38',0,'',0,22,10000),
(142,'2017-12-28 12:02:44','2017-12-28 17:46:52',0,'',0,22,0);
/*!40000 ALTER TABLE `jornadas` ENABLE KEYS */;

-- 
-- Definition of lineas_fiado
-- 

DROP TABLE IF EXISTS `lineas_fiado`;
CREATE TABLE IF NOT EXISTS `lineas_fiado` (
  `id` int(11) NOT NULL AUTO_INCREMENT,
  `monto` int(11) DEFAULT NULL,
  `cantidad` decimal(10,0) NOT NULL,
  `descuento` decimal(10,0) NOT NULL DEFAULT '0',
  `producto_id` int(11) DEFAULT NULL,
  `fiado_id` int(11) DEFAULT NULL,
  PRIMARY KEY (`id`),
  KEY `producto_id` (`producto_id`),
  KEY `fiado_id` (`fiado_id`),
  CONSTRAINT `lineas_fiado_ibfk_1` FOREIGN KEY (`producto_id`) REFERENCES `productos` (`id`) ON UPDATE CASCADE,
  CONSTRAINT `lineas_fiado_ibfk_2` FOREIGN KEY (`fiado_id`) REFERENCES `fiados` (`id`) ON UPDATE CASCADE
) ENGINE=InnoDB DEFAULT CHARSET=utf8;

-- 
-- Dumping data for table lineas_fiado
-- 

/*!40000 ALTER TABLE `lineas_fiado` DISABLE KEYS */;

/*!40000 ALTER TABLE `lineas_fiado` ENABLE KEYS */;

-- 
-- Definition of materiasprimas
-- 

DROP TABLE IF EXISTS `materiasprimas`;
CREATE TABLE IF NOT EXISTS `materiasprimas` (
  `id` int(11) NOT NULL AUTO_INCREMENT,
  `nombre` varchar(30) DEFAULT NULL,
  `unidad_medida_id` int(11) DEFAULT NULL,
  PRIMARY KEY (`id`),
  UNIQUE KEY `nombre_UNIQUE` (`nombre`),
  KEY `materiasprimas_ibfk_1_idx` (`unidad_medida_id`),
  CONSTRAINT `materiasprimas_ibfk_1` FOREIGN KEY (`unidad_medida_id`) REFERENCES `unidades_medida` (`id`) ON DELETE SET NULL ON UPDATE CASCADE
) ENGINE=InnoDB AUTO_INCREMENT=12 DEFAULT CHARSET=utf8;

-- 
-- Dumping data for table materiasprimas
-- 

/*!40000 ALTER TABLE `materiasprimas` DISABLE KEYS */;
INSERT INTO `materiasprimas`(`id`,`nombre`,`unidad_medida_id`) VALUES
(1,'merluza',7),
(2,'reineta',7),
(3,'camaron',7),
(4,'queso',5),
(5,'macha',5),
(6,'ostion',5),
(7,'locos',5),
(8,'jaiba',5),
(9,'SALMON',7),
(10,'papa',5),
(11,'vienesa',7);
/*!40000 ALTER TABLE `materiasprimas` ENABLE KEYS */;

-- 
-- Definition of mermas
-- 

DROP TABLE IF EXISTS `mermas`;
CREATE TABLE IF NOT EXISTS `mermas` (
  `id` int(11) NOT NULL AUTO_INCREMENT,
  `producto_id` int(11) NOT NULL,
  `cantidad` decimal(12,2) NOT NULL,
  `fecha` datetime DEFAULT NULL,
  PRIMARY KEY (`id`),
  KEY `producto_id` (`producto_id`),
  CONSTRAINT `mermas_ibfk_1` FOREIGN KEY (`producto_id`) REFERENCES `productos` (`id`) ON DELETE CASCADE ON UPDATE CASCADE
) ENGINE=InnoDB DEFAULT CHARSET=utf8;

-- 
-- Dumping data for table mermas
-- 

/*!40000 ALTER TABLE `mermas` DISABLE KEYS */;

/*!40000 ALTER TABLE `mermas` ENABLE KEYS */;

-- 
-- Definition of mesas
-- 

DROP TABLE IF EXISTS `mesas`;
CREATE TABLE IF NOT EXISTS `mesas` (
  `id` int(11) NOT NULL AUTO_INCREMENT,
  `codigo` varchar(20) DEFAULT NULL,
  `libre` tinyint(1) DEFAULT NULL,
  `sector_id` int(11) DEFAULT NULL,
  `usuario_id` int(11) DEFAULT NULL,
  `items` int(11) DEFAULT NULL,
  PRIMARY KEY (`id`),
  KEY `mesas_ibfk_1_idx` (`sector_id`),
  KEY `usuarios_ibfk_2_idx` (`usuario_id`),
  CONSTRAINT `mesas_ibfk_1` FOREIGN KEY (`sector_id`) REFERENCES `sectormesas` (`id`) ON UPDATE CASCADE,
  CONSTRAINT `usuarios_ibfk_2` FOREIGN KEY (`usuario_id`) REFERENCES `usuarios` (`id`) ON DELETE SET NULL ON UPDATE CASCADE
) ENGINE=InnoDB AUTO_INCREMENT=22 DEFAULT CHARSET=utf8;

-- 
-- Dumping data for table mesas
-- 

/*!40000 ALTER TABLE `mesas` DISABLE KEYS */;
INSERT INTO `mesas`(`id`,`codigo`,`libre`,`sector_id`,`usuario_id`,`items`) VALUES
(2,'1',0,1,NULL,NULL),
(3,'2',1,1,NULL,NULL),
(4,'3',1,1,NULL,NULL),
(5,'4',1,1,NULL,NULL),
(6,'5',1,1,NULL,NULL),
(7,'6',1,1,NULL,NULL),
(8,'7',1,1,NULL,NULL),
(9,'8',0,1,NULL,NULL),
(10,'9',1,1,NULL,NULL),
(11,'10',1,1,NULL,NULL),
(12,'11',1,2,NULL,NULL),
(13,'12',0,2,NULL,NULL),
(14,'13',1,2,NULL,NULL),
(15,'14',1,2,NULL,NULL),
(16,'15',1,3,NULL,NULL),
(17,'16',1,3,NULL,NULL),
(18,'17',1,3,NULL,NULL),
(19,'18',1,3,NULL,NULL),
(20,'19',1,3,NULL,NULL),
(21,'20',1,3,NULL,NULL);
/*!40000 ALTER TABLE `mesas` ENABLE KEYS */;

-- 
-- Definition of pedidos
-- 

DROP TABLE IF EXISTS `pedidos`;
CREATE TABLE IF NOT EXISTS `pedidos` (
  `id` int(11) NOT NULL AUTO_INCREMENT,
  `fecha` datetime DEFAULT NULL,
  `mensaje` varchar(60) DEFAULT NULL,
  `usuario_id` int(11) DEFAULT NULL,
  `mesa_id` int(11) DEFAULT NULL,
  `pagado` tinyint(1) DEFAULT NULL,
  PRIMARY KEY (`id`),
  KEY `usuario_id` (`usuario_id`),
  KEY `mesa_id` (`mesa_id`),
  CONSTRAINT `pedidos_ibfk_1` FOREIGN KEY (`usuario_id`) REFERENCES `usuarios` (`id`) ON DELETE SET NULL ON UPDATE CASCADE,
  CONSTRAINT `pedidos_ibfk_2` FOREIGN KEY (`mesa_id`) REFERENCES `mesas` (`id`) ON DELETE SET NULL ON UPDATE CASCADE
) ENGINE=InnoDB AUTO_INCREMENT=60 DEFAULT CHARSET=utf8;

-- 
-- Dumping data for table pedidos
-- 

/*!40000 ALTER TABLE `pedidos` DISABLE KEYS */;
INSERT INTO `pedidos`(`id`,`fecha`,`mensaje`,`usuario_id`,`mesa_id`,`pagado`) VALUES
(56,'2018-01-04 18:41:10','mensaje',36,9,NULL),
(58,'2018-01-04 18:42:53','mensaje',39,13,NULL),
(59,'2018-01-04 19:59:30','mensaje',22,2,NULL);
/*!40000 ALTER TABLE `pedidos` ENABLE KEYS */;

-- 
-- Definition of pedidos_agregados
-- 

DROP TABLE IF EXISTS `pedidos_agregados`;
CREATE TABLE IF NOT EXISTS `pedidos_agregados` (
  `id` int(11) NOT NULL AUTO_INCREMENT,
  `pedidos_productos_id` int(11) DEFAULT NULL,
  `agregado_uno_id` int(11) DEFAULT NULL,
  `agregado_dos_id` int(11) DEFAULT NULL,
  PRIMARY KEY (`id`),
  KEY `pedidos_productos_id` (`pedidos_productos_id`),
  KEY `pedidos_agregados_ibfk_2_idx` (`agregado_uno_id`),
  KEY `pedidos_agregados_ibfk_3_idx` (`agregado_dos_id`),
  CONSTRAINT `pedidos_agregados_ibfk_1` FOREIGN KEY (`pedidos_productos_id`) REFERENCES `pedidos_productos` (`id`) ON DELETE SET NULL ON UPDATE CASCADE,
  CONSTRAINT `pedidos_agregados_ibfk_2` FOREIGN KEY (`agregado_uno_id`) REFERENCES `agregados` (`id`) ON DELETE SET NULL ON UPDATE CASCADE,
  CONSTRAINT `pedidos_agregados_ibfk_3` FOREIGN KEY (`agregado_dos_id`) REFERENCES `agregados` (`id`) ON DELETE SET NULL ON UPDATE CASCADE
) ENGINE=InnoDB AUTO_INCREMENT=615 DEFAULT CHARSET=utf8;

-- 
-- Dumping data for table pedidos_agregados
-- 

/*!40000 ALTER TABLE `pedidos_agregados` DISABLE KEYS */;
INSERT INTO `pedidos_agregados`(`id`,`pedidos_productos_id`,`agregado_uno_id`,`agregado_dos_id`) VALUES
(1,NULL,3,2),
(2,NULL,3,3),
(3,NULL,3,3),
(4,NULL,1,3),
(5,NULL,2,1),
(6,NULL,3,4),
(7,NULL,3,2),
(8,NULL,2,1),
(9,NULL,3,4),
(10,NULL,3,2),
(11,NULL,3,2),
(12,NULL,2,1),
(13,NULL,1,2),
(14,NULL,2,2),
(15,NULL,1,2),
(16,NULL,4,3),
(17,NULL,3,3),
(18,NULL,2,1),
(19,NULL,2,1),
(20,NULL,2,4),
(21,NULL,2,4),
(22,NULL,3,3),
(23,NULL,2,4),
(24,NULL,4,4),
(25,NULL,4,4),
(26,NULL,3,2),
(27,NULL,4,4),
(28,NULL,4,4),
(29,NULL,1,2),
(30,NULL,1,2),
(31,NULL,3,4),
(33,NULL,NULL,NULL),
(34,NULL,NULL,NULL),
(35,NULL,4,4),
(36,NULL,NULL,NULL),
(37,NULL,NULL,NULL),
(38,NULL,2,3),
(39,NULL,3,3),
(40,NULL,2,3),
(41,NULL,3,3),
(42,NULL,2,3),
(43,NULL,3,3),
(44,NULL,2,3),
(45,NULL,3,3),
(46,NULL,4,4),
(47,NULL,1,4),
(48,NULL,4,4),
(49,NULL,2,4),
(50,NULL,3,2),
(51,NULL,4,4),
(52,NULL,4,3),
(53,NULL,2,4),
(54,NULL,2,4),
(55,NULL,4,3),
(56,NULL,2,2),
(57,NULL,2,4),
(58,NULL,2,4),
(59,NULL,2,4),
(60,NULL,2,4),
(61,NULL,1,3),
(62,NULL,2,4),
(63,NULL,2,4),
(64,NULL,2,3),
(65,NULL,4,2),
(66,NULL,3,4),
(67,NULL,3,3),
(68,NULL,3,4),
(69,NULL,2,3),
(70,NULL,3,3),
(71,NULL,3,4),
(72,NULL,1,3),
(73,NULL,3,3),
(74,NULL,3,4),
(75,NULL,3,3),
(76,NULL,3,4),
(77,NULL,3,3),
(78,NULL,3,3),
(79,NULL,2,3),
(80,NULL,1,1),
(81,232,2,3),
(82,233,3,3),
(83,237,3,3),
(84,239,NULL,NULL),
(85,240,NULL,NULL),
(86,241,3,3),
(87,242,NULL,NULL),
(88,244,NULL,NULL),
(89,246,NULL,NULL),
(90,248,NULL,NULL),
(91,250,NULL,NULL),
(92,251,4,4),
(93,252,4,4),
(94,254,3,3),
(95,255,2,3),
(96,259,2,3),
(97,260,3,3),
(98,264,NULL,NULL),
(99,269,NULL,NULL),
(100,270,4,4),
(101,NULL,NULL,NULL),
(102,NULL,4,4),
(103,NULL,3,4),
(104,NULL,NULL,NULL),
(105,NULL,3,3),
(106,NULL,3,2),
(107,NULL,2,3),
(108,NULL,3,3),
(109,NULL,NULL,NULL),
(110,293,3,3),
(111,294,2,4),
(112,NULL,1,1),
(113,NULL,3,4),
(114,NULL,NULL,NULL),
(115,NULL,NULL,NULL),
(116,NULL,NULL,NULL),
(117,317,NULL,NULL),
(118,319,4,4),
(119,NULL,4,4),
(120,NULL,2,3),
(121,NULL,2,1),
(122,NULL,3,2),
(123,NULL,2,1),
(124,NULL,3,4),
(125,332,3,3),
(126,NULL,NULL,NULL),
(127,NULL,3,3),
(128,NULL,1,3),
(129,339,NULL,NULL),
(130,341,2,3),
(131,NULL,NULL,NULL),
(132,NULL,2,1),
(133,NULL,2,1),
(134,NULL,2,4),
(135,NULL,2,4),
(136,NULL,3,3),
(137,358,NULL,NULL),
(138,NULL,2,1),
(139,NULL,2,1),
(140,362,4,3),
(141,NULL,NULL,NULL),
(142,NULL,NULL,NULL),
(143,368,3,2),
(144,370,3,4),
(145,NULL,NULL,NULL),
(146,NULL,2,4),
(147,NULL,1,4),
(148,NULL,NULL,NULL),
(149,NULL,1,4),
(150,NULL,NULL,NULL),
(151,NULL,NULL,NULL),
(152,NULL,1,4),
(153,NULL,NULL,NULL),
(154,NULL,NULL,NULL),
(155,NULL,4,4),
(156,NULL,2,4),
(157,NULL,NULL,NULL),
(158,NULL,5,6),
(159,NULL,1,6),
(160,NULL,1,5),
(161,NULL,NULL,NULL),
(162,NULL,4,1),
(163,NULL,1,6),
(164,NULL,5,1),
(165,NULL,NULL,NULL),
(166,NULL,NULL,NULL),
(167,NULL,NULL,NULL),
(168,NULL,5,4),
(169,NULL,1,6),
(170,NULL,5,6),
(171,NULL,2,6),
(172,NULL,NULL,NULL),
(173,NULL,4,5),
(174,NULL,4,5),
(175,NULL,4,5),
(176,NULL,4,1),
(177,NULL,5,2),
(178,NULL,5,6),
(179,NULL,4,2),
(180,NULL,1,6),
(181,NULL,NULL,NULL),
(182,NULL,NULL,NULL),
(183,NULL,2,6),
(184,NULL,NULL,NULL),
(185,NULL,4,5),
(186,NULL,1,4),
(187,NULL,NULL,NULL),
(188,NULL,5,4),
(189,NULL,2,4),
(190,NULL,2,4),
(191,NULL,1,4),
(192,NULL,2,4),
(193,NULL,1,5),
(194,NULL,6,4),
(195,NULL,5,2),
(196,NULL,NULL,NULL),
(197,NULL,2,6),
(198,NULL,NULL,NULL),
(199,NULL,4,2),
(200,NULL,1,6),
(201,NULL,1,5),
(202,NULL,3,1),
(203,NULL,6,5),
(204,NULL,2,4),
(205,NULL,NULL,NULL),
(206,NULL,NULL,NULL),
(207,NULL,5,6),
(208,NULL,3,1),
(209,NULL,5,1),
(210,NULL,1,6),
(211,NULL,5,4),
(212,NULL,2,6),
(213,NULL,4,1),
(214,NULL,5,6),
(215,NULL,5,1),
(216,NULL,5,6),
(217,NULL,3,6),
(218,NULL,5,6),
(219,NULL,NULL,NULL),
(220,NULL,4,5),
(221,NULL,NULL,NULL),
(222,NULL,2,4),
(223,NULL,5,1),
(224,NULL,NULL,NULL),
(225,NULL,1,5),
(226,NULL,2,4),
(227,NULL,1,6),
(228,NULL,NULL,NULL),
(229,374,4,5),
(230,375,NULL,NULL),
(231,377,NULL,NULL),
(232,380,NULL,NULL),
(233,381,2,2),
(234,384,4,4),
(235,387,NULL,NULL),
(236,389,5,5),
(237,390,NULL,NULL),
(238,395,4,4),
(239,398,NULL,NULL),
(240,399,NULL,NULL),
(241,402,NULL,NULL),
(242,405,NULL,NULL),
(243,406,3,3),
(244,407,3,3),
(245,NULL,4,2),
(246,NULL,1,6),
(247,NULL,NULL,NULL),
(248,NULL,1,2),
(249,NULL,1,4),
(250,NULL,NULL,NULL),
(251,NULL,5,4),
(252,NULL,1,5),
(253,NULL,5,4),
(254,NULL,NULL,NULL),
(255,NULL,2,6),
(256,NULL,5,4),
(257,NULL,NULL,NULL),
(258,NULL,NULL,NULL),
(259,NULL,2,4),
(260,NULL,5,6),
(261,NULL,1,5),
(262,NULL,NULL,NULL),
(263,NULL,NULL,NULL),
(264,NULL,2,6),
(265,NULL,NULL,NULL),
(266,465,NULL,NULL),
(267,NULL,6,1),
(268,NULL,5,1),
(269,NULL,5,1),
(270,NULL,6,1),
(271,NULL,5,1),
(272,NULL,NULL,NULL),
(273,NULL,2,6),
(274,NULL,2,6),
(275,NULL,NULL,NULL),
(276,NULL,NULL,NULL),
(277,NULL,NULL,NULL),
(278,NULL,NULL,NULL),
(279,NULL,NULL,NULL),
(280,NULL,NULL,NULL),
(281,NULL,2,6),
(282,NULL,4,1),
(283,NULL,1,2),
(284,NULL,NULL,NULL),
(285,NULL,1,4),
(286,NULL,4,4),
(287,NULL,4,5),
(288,NULL,5,4),
(289,NULL,6,2),
(290,NULL,4,5),
(291,NULL,5,4),
(292,NULL,1,2),
(293,NULL,5,1),
(294,NULL,NULL,NULL),
(295,NULL,1,4),
(296,NULL,NULL,NULL),
(297,NULL,2,6),
(298,NULL,2,4),
(299,NULL,1,6),
(300,NULL,1,5),
(301,NULL,1,2),
(302,NULL,5,1),
(303,NULL,NULL,NULL),
(304,NULL,1,4),
(305,NULL,NULL,NULL),
(306,NULL,6,5),
(307,NULL,5,4),
(308,563,NULL,NULL),
(309,NULL,6,5),
(310,NULL,5,6),
(311,NULL,6,2),
(312,NULL,6,5),
(313,NULL,NULL,NULL),
(314,NULL,NULL,NULL),
(315,NULL,6,5),
(316,NULL,5,4),
(317,NULL,6,5),
(318,NULL,NULL,NULL),
(319,NULL,NULL,NULL),
(320,NULL,6,5),
(321,NULL,5,4),
(322,NULL,6,5),
(323,NULL,NULL,NULL),
(324,NULL,NULL,NULL),
(325,NULL,1,6),
(326,NULL,NULL,NULL),
(327,NULL,1,4),
(328,NULL,5,4),
(329,NULL,NULL,NULL),
(330,NULL,NULL,NULL),
(331,NULL,1,6),
(332,NULL,1,6),
(333,NULL,1,5),
(334,NULL,1,2),
(335,NULL,NULL,NULL),
(336,NULL,5,6),
(337,NULL,5,4),
(338,NULL,1,6),
(339,NULL,5,4),
(340,NULL,1,4),
(341,NULL,2,4),
(342,NULL,5,6),
(343,NULL,4,5),
(344,NULL,NULL,NULL),
(345,NULL,2,4),
(346,NULL,NULL,NULL),
(347,NULL,4,4),
(348,NULL,NULL,NULL),
(349,NULL,1,5),
(350,NULL,2,6),
(351,NULL,2,2),
(352,NULL,NULL,NULL),
(353,NULL,NULL,NULL),
(354,NULL,3,3),
(355,NULL,3,3),
(356,NULL,3,3),
(357,NULL,3,1),
(358,NULL,NULL,NULL),
(359,NULL,1,5),
(360,NULL,1,1),
(361,NULL,1,1),
(362,NULL,6,4),
(363,NULL,6,1),
(364,NULL,NULL,NULL),
(365,NULL,1,4),
(366,NULL,2,1),
(367,NULL,1,4),
(368,NULL,1,5),
(369,NULL,2,4),
(370,NULL,NULL,NULL),
(371,NULL,5,6),
(372,NULL,2,4),
(373,NULL,2,2),
(374,NULL,2,6),
(375,NULL,4,5),
(376,NULL,NULL,NULL),
(377,NULL,2,4),
(378,NULL,NULL,NULL),
(379,NULL,NULL,NULL),
(380,NULL,1,1),
(381,NULL,NULL,NULL),
(382,NULL,5,6),
(383,NULL,5,4),
(384,NULL,NULL,NULL),
(385,NULL,1,4),
(386,NULL,NULL,NULL),
(387,NULL,1,4),
(388,NULL,6,1),
(389,NULL,6,2),
(390,NULL,5,4),
(391,NULL,1,6),
(392,NULL,4,6),
(393,NULL,NULL,NULL),
(394,NULL,NULL,NULL),
(395,NULL,2,4),
(396,NULL,2,5),
(397,NULL,1,5),
(398,NULL,1,5),
(399,NULL,1,4),
(400,NULL,1,6),
(401,NULL,4,5),
(402,NULL,2,4),
(403,NULL,NULL,NULL),
(404,NULL,5,1),
(405,NULL,5,5),
(406,NULL,1,4),
(407,NULL,5,6),
(408,NULL,4,5),
(409,NULL,6,4),
(410,NULL,5,6),
(411,NULL,5,6),
(412,NULL,1,5),
(413,NULL,1,6),
(414,NULL,1,6),
(415,NULL,6,5),
(416,NULL,2,6),
(417,NULL,1,4),
(418,NULL,NULL,NULL),
(419,NULL,NULL,NULL),
(420,NULL,5,4),
(421,NULL,NULL,NULL),
(422,NULL,5,4),
(423,NULL,4,1),
(424,NULL,4,6),
(425,NULL,NULL,NULL),
(426,NULL,NULL,NULL),
(427,NULL,1,4),
(428,NULL,6,2),
(429,NULL,1,6),
(430,NULL,1,2),
(431,NULL,2,4),
(432,NULL,1,6),
(433,NULL,6,5),
(434,NULL,NULL,NULL),
(435,NULL,2,6),
(436,NULL,2,6),
(437,NULL,4,1),
(438,NULL,NULL,NULL),
(439,NULL,1,6),
(440,NULL,NULL,NULL),
(441,NULL,NULL,NULL),
(442,NULL,5,6),
(443,NULL,NULL,NULL),
(444,NULL,4,5),
(445,NULL,4,5),
(446,NULL,6,2),
(447,NULL,1,3),
(448,NULL,3,3),
(449,NULL,NULL,NULL),
(450,NULL,5,4),
(451,NULL,2,5),
(452,NULL,5,5),
(453,NULL,2,2),
(454,NULL,2,2),
(455,NULL,2,6),
(456,NULL,5,6),
(457,NULL,5,5),
(458,NULL,NULL,NULL),
(459,NULL,6,6),
(460,NULL,5,4),
(461,NULL,1,6),
(462,NULL,1,6),
(463,NULL,5,6),
(464,NULL,2,2),
(465,NULL,2,4),
(466,NULL,2,1),
(467,NULL,NULL,NULL),
(468,NULL,NULL,NULL),
(469,NULL,2,6),
(470,NULL,2,4),
(471,NULL,5,4),
(472,NULL,1,4),
(473,NULL,NULL,NULL),
(474,NULL,2,6),
(475,NULL,5,6),
(476,NULL,NULL,NULL),
(477,NULL,NULL,NULL),
(478,NULL,NULL,NULL),
(479,NULL,NULL,NULL),
(480,NULL,NULL,NULL),
(481,NULL,NULL,NULL),
(482,NULL,5,5),
(483,NULL,5,5),
(484,NULL,NULL,NULL),
(485,NULL,NULL,NULL),
(486,NULL,5,6),
(487,NULL,1,6),
(488,NULL,2,1),
(489,NULL,6,1),
(490,NULL,NULL,NULL),
(491,730,4,6),
(492,732,NULL,NULL),
(493,733,4,5),
(494,734,5,6),
(495,NULL,1,6),
(496,NULL,NULL,NULL),
(497,NULL,1,4),
(498,NULL,2,6),
(499,NULL,NULL,NULL),
(500,NULL,1,5),
(501,NULL,2,5),
(502,NULL,2,1),
(503,NULL,5,2),
(504,NULL,5,6),
(505,NULL,NULL,NULL),
(506,NULL,1,5),
(507,NULL,1,5),
(508,NULL,NULL,NULL),
(509,NULL,1,5),
(510,NULL,NULL,NULL),
(511,NULL,2,2),
(512,NULL,5,4),
(513,NULL,3,3),
(514,NULL,5,6),
(515,NULL,5,1),
(516,NULL,2,6),
(517,NULL,2,6),
(518,NULL,NULL,NULL),
(519,NULL,1,6),
(520,NULL,1,4),
(521,NULL,2,6),
(522,NULL,NULL,NULL),
(523,NULL,5,6),
(524,NULL,1,5),
(525,NULL,1,2),
(526,NULL,2,1),
(527,NULL,1,5),
(528,NULL,2,6),
(529,NULL,NULL,NULL),
(530,819,NULL,NULL),
(531,820,3,3),
(532,NULL,NULL,NULL),
(533,NULL,3,3),
(534,NULL,6,1),
(535,NULL,2,4),
(536,NULL,2,6),
(537,NULL,6,5),
(538,NULL,5,1),
(539,NULL,6,4),
(540,NULL,1,5),
(541,NULL,1,4),
(542,NULL,2,4),
(543,NULL,5,4),
(544,NULL,2,6),
(545,NULL,5,6),
(546,NULL,2,5),
(547,NULL,2,1),
(548,NULL,2,2),
(549,NULL,5,4),
(550,NULL,2,2),
(551,NULL,1,4),
(552,NULL,5,4),
(553,NULL,NULL,NULL),
(554,823,4,4),
(555,825,NULL,NULL),
(556,832,NULL,NULL),
(557,836,4,5),
(558,842,NULL,NULL),
(559,843,3,4),
(560,849,NULL,NULL),
(561,851,NULL,NULL),
(562,856,3,3),
(563,860,NULL,NULL),
(564,861,NULL,NULL),
(565,862,NULL,NULL),
(566,865,NULL,NULL),
(567,867,NULL,NULL),
(568,871,NULL,NULL),
(569,872,NULL,NULL),
(570,873,NULL,NULL),
(571,879,NULL,NULL),
(572,880,NULL,NULL),
(573,886,NULL,NULL),
(574,887,NULL,NULL),
(575,889,NULL,NULL),
(576,891,NULL,NULL),
(577,894,NULL,NULL),
(578,897,NULL,NULL),
(579,898,NULL,NULL),
(580,900,NULL,NULL),
(581,903,NULL,NULL),
(582,906,NULL,NULL),
(583,907,NULL,NULL),
(584,909,NULL,NULL),
(585,910,NULL,NULL),
(586,912,NULL,NULL),
(587,913,NULL,NULL),
(588,915,NULL,NULL),
(589,916,NULL,NULL),
(590,918,NULL,NULL),
(591,919,NULL,NULL),
(592,921,NULL,NULL),
(593,922,NULL,NULL),
(594,923,NULL,NULL),
(595,926,NULL,NULL),
(596,929,NULL,NULL),
(597,930,NULL,NULL),
(598,934,NULL,NULL),
(599,935,NULL,NULL),
(600,938,4,5),
(601,939,NULL,NULL),
(602,940,NULL,NULL),
(603,941,4,4),
(604,942,NULL,NULL),
(605,NULL,NULL,NULL),
(606,NULL,NULL,NULL),
(607,NULL,NULL,NULL),
(608,NULL,4,4),
(609,NULL,NULL,NULL),
(610,NULL,3,4),
(611,955,4,4),
(612,NULL,2,1),
(613,957,2,1),
(614,960,NULL,NULL);
/*!40000 ALTER TABLE `pedidos_agregados` ENABLE KEYS */;

-- 
-- Definition of pedidos_preparaciones
-- 

DROP TABLE IF EXISTS `pedidos_preparaciones`;
CREATE TABLE IF NOT EXISTS `pedidos_preparaciones` (
  `id` int(11) NOT NULL AUTO_INCREMENT,
  `pedidos_productos_id` int(11) DEFAULT NULL,
  `preparacion_id` int(11) DEFAULT NULL,
  PRIMARY KEY (`id`),
  KEY `pedidos_productos_id` (`pedidos_productos_id`),
  KEY `preparacion_id` (`preparacion_id`),
  CONSTRAINT `pedidos_preparaciones_ibfk_1` FOREIGN KEY (`pedidos_productos_id`) REFERENCES `pedidos_productos` (`id`) ON DELETE CASCADE ON UPDATE CASCADE,
  CONSTRAINT `pedidos_preparaciones_ibfk_2` FOREIGN KEY (`preparacion_id`) REFERENCES `preparaciones` (`id`) ON DELETE CASCADE ON UPDATE CASCADE
) ENGINE=InnoDB AUTO_INCREMENT=54 DEFAULT CHARSET=utf8;

-- 
-- Dumping data for table pedidos_preparaciones
-- 

/*!40000 ALTER TABLE `pedidos_preparaciones` DISABLE KEYS */;
INSERT INTO `pedidos_preparaciones`(`id`,`pedidos_productos_id`,`preparacion_id`) VALUES
(32,232,2),
(33,255,2),
(34,259,2),
(39,341,1),
(46,362,3),
(47,368,3),
(48,389,3),
(49,407,1),
(50,836,3),
(51,856,3);
/*!40000 ALTER TABLE `pedidos_preparaciones` ENABLE KEYS */;

-- 
-- Definition of pedidos_productos
-- 

DROP TABLE IF EXISTS `pedidos_productos`;
CREATE TABLE IF NOT EXISTS `pedidos_productos` (
  `id` int(11) NOT NULL AUTO_INCREMENT,
  `cantidad` decimal(12,2) DEFAULT NULL,
  `pedido_id` int(11) DEFAULT NULL,
  `producto_id` int(11) DEFAULT NULL,
  `impreso` tinyint(1) DEFAULT NULL,
  `impreso_cantidad` decimal(12,2) DEFAULT NULL,
  `promo_id` int(11) DEFAULT NULL,
  `precio` int(11) NOT NULL DEFAULT '0',
  `nota` varchar(50) DEFAULT NULL,
  PRIMARY KEY (`id`),
  KEY `pedido_id` (`pedido_id`),
  KEY `producto_id` (`producto_id`),
  KEY `pedidos_productos_ibfk_3_idx` (`promo_id`),
  CONSTRAINT `pedidos_productos_ibfk_1` FOREIGN KEY (`pedido_id`) REFERENCES `pedidos` (`id`) ON DELETE SET NULL ON UPDATE CASCADE,
  CONSTRAINT `pedidos_productos_ibfk_2` FOREIGN KEY (`producto_id`) REFERENCES `productos` (`id`) ON DELETE SET NULL ON UPDATE CASCADE,
  CONSTRAINT `pedidos_productos_ibfk_3` FOREIGN KEY (`promo_id`) REFERENCES `promociones` (`id`) ON DELETE SET NULL ON UPDATE CASCADE
) ENGINE=InnoDB AUTO_INCREMENT=961 DEFAULT CHARSET=utf8;

-- 
-- Dumping data for table pedidos_productos
-- 

/*!40000 ALTER TABLE `pedidos_productos` DISABLE KEYS */;
INSERT INTO `pedidos_productos`(`id`,`cantidad`,`pedido_id`,`producto_id`,`impreso`,`impreso_cantidad`,`promo_id`,`precio`,`nota`) VALUES
(5,1.00,NULL,164,1,1.00,NULL,0,NULL),
(34,1.00,NULL,NULL,1,1.00,NULL,0,NULL),
(52,1.00,NULL,155,1,1.00,NULL,0,NULL),
(53,2.00,NULL,156,1,2.00,NULL,0,NULL),
(88,2.00,NULL,NULL,1,2.00,NULL,0,NULL),
(89,3.00,NULL,NULL,1,3.00,NULL,0,NULL),
(90,1.00,NULL,NULL,1,1.00,NULL,0,NULL),
(91,2.00,NULL,155,1,2.00,NULL,0,NULL),
(92,1.00,NULL,156,1,1.00,NULL,0,NULL),
(95,1.00,NULL,171,1,1.00,NULL,0,NULL),
(96,1.00,NULL,171,1,1.00,NULL,0,NULL),
(97,1.00,NULL,171,1,1.00,NULL,0,NULL),
(204,1.00,NULL,NULL,1,1.00,NULL,0,NULL),
(205,1.00,NULL,NULL,1,1.00,NULL,0,NULL),
(230,1.00,NULL,167,1,1.00,NULL,0,NULL),
(231,1.00,NULL,169,1,1.00,NULL,0,NULL),
(232,1.00,NULL,171,1,1.00,NULL,0,NULL),
(233,1.00,NULL,172,1,1.00,NULL,0,NULL),
(234,1.00,NULL,NULL,1,1.00,NULL,0,NULL),
(235,1.00,NULL,NULL,1,1.00,NULL,0,NULL),
(236,1.00,NULL,168,1,1.00,NULL,0,NULL),
(237,1.00,NULL,173,1,1.00,NULL,0,NULL),
(238,1.00,NULL,NULL,1,1.00,NULL,0,NULL),
(239,1.00,NULL,174,1,1.00,NULL,0,NULL),
(240,1.00,NULL,174,1,1.00,NULL,0,NULL),
(241,1.00,NULL,173,1,1.00,NULL,0,NULL),
(242,1.00,NULL,174,1,1.00,NULL,0,NULL),
(243,1.00,NULL,NULL,1,1.00,NULL,0,NULL),
(244,1.00,NULL,174,1,1.00,NULL,0,NULL),
(245,1.00,NULL,NULL,1,1.00,NULL,0,NULL),
(246,1.00,NULL,174,1,1.00,NULL,0,NULL),
(247,1.00,NULL,NULL,1,1.00,NULL,0,NULL),
(248,1.00,NULL,174,1,1.00,NULL,0,NULL),
(249,1.00,NULL,NULL,1,1.00,NULL,0,NULL),
(250,1.00,NULL,174,1,1.00,NULL,0,NULL),
(251,1.00,NULL,173,1,1.00,NULL,0,NULL),
(252,1.00,NULL,173,1,1.00,NULL,0,NULL),
(253,1.00,NULL,167,1,1.00,NULL,0,NULL),
(254,1.00,NULL,173,1,1.00,NULL,0,NULL),
(255,1.00,NULL,171,1,1.00,NULL,0,NULL),
(256,1.00,NULL,NULL,1,1.00,NULL,0,NULL),
(257,1.00,NULL,NULL,1,1.00,NULL,0,NULL),
(258,1.00,NULL,167,1,1.00,NULL,0,NULL),
(259,1.00,NULL,171,1,1.00,NULL,0,NULL),
(260,1.00,NULL,173,1,1.00,NULL,0,NULL),
(261,1.00,NULL,NULL,1,1.00,NULL,0,NULL),
(262,1.00,NULL,NULL,1,1.00,NULL,0,NULL),
(263,1.00,NULL,169,1,1.00,NULL,0,NULL),
(264,1.00,NULL,174,1,1.00,NULL,0,NULL),
(265,1.00,NULL,NULL,1,1.00,NULL,0,NULL),
(266,2.00,NULL,NULL,1,2.00,NULL,0,NULL),
(267,1.00,NULL,169,1,1.00,NULL,0,NULL),
(268,1.00,NULL,167,1,1.00,NULL,0,NULL),
(269,1.00,NULL,174,1,1.00,NULL,0,NULL),
(270,1.00,NULL,173,1,1.00,NULL,0,NULL),
(271,1.00,NULL,NULL,1,1.00,NULL,0,NULL),
(292,2.00,NULL,169,1,2.00,NULL,0,NULL),
(293,1.00,NULL,173,1,1.00,NULL,0,NULL),
(294,1.00,NULL,172,1,1.00,NULL,0,NULL),
(295,1.00,NULL,NULL,1,1.00,NULL,0,NULL),
(303,1.00,NULL,NULL,1,1.00,NULL,0,NULL),
(317,1.00,NULL,174,1,1.00,NULL,0,NULL),
(318,1.00,NULL,167,1,1.00,NULL,0,NULL),
(319,1.00,NULL,172,1,1.00,NULL,0,NULL),
(332,1.00,NULL,172,1,1.00,NULL,0,NULL),
(333,1.00,NULL,NULL,1,1.00,NULL,0,NULL),
(339,1.00,NULL,174,1,1.00,NULL,0,NULL),
(340,1.00,NULL,NULL,1,1.00,NULL,0,NULL),
(341,1.00,NULL,171,1,1.00,NULL,0,NULL),
(342,1.00,NULL,NULL,1,1.00,NULL,0,NULL),
(343,1.00,NULL,NULL,1,1.00,NULL,0,NULL),
(357,1.00,NULL,167,1,1.00,NULL,0,NULL),
(358,1.00,NULL,174,1,1.00,NULL,0,NULL),
(362,1.00,NULL,171,1,1.00,NULL,0,NULL),
(367,1.00,NULL,167,1,1.00,NULL,0,NULL),
(368,1.00,NULL,171,1,1.00,NULL,0,NULL),
(369,1.00,NULL,168,1,1.00,NULL,0,NULL),
(370,1.00,NULL,173,1,1.00,NULL,0,NULL),
(371,1.00,NULL,190,1,1.00,NULL,0,NULL),
(372,1.00,NULL,161,1,1.00,NULL,0,NULL),
(373,1.00,NULL,190,1,1.00,NULL,0,NULL),
(374,1.00,NULL,173,1,1.00,NULL,0,NULL),
(375,1.00,NULL,174,1,1.00,NULL,0,NULL),
(376,1.00,NULL,201,1,1.00,NULL,0,NULL),
(377,1.00,NULL,174,1,1.00,NULL,0,NULL),
(378,1.00,NULL,190,1,1.00,NULL,0,NULL),
(379,1.00,NULL,167,1,1.00,NULL,0,NULL),
(380,1.00,NULL,174,1,1.00,NULL,0,NULL),
(381,1.00,NULL,172,1,1.00,NULL,0,NULL),
(382,1.00,NULL,207,1,1.00,NULL,0,NULL),
(383,1.00,NULL,190,1,1.00,NULL,0,NULL),
(384,1.00,NULL,173,1,1.00,NULL,0,NULL),
(385,1.00,NULL,190,1,1.00,NULL,0,NULL),
(386,1.00,NULL,168,1,1.00,NULL,0,NULL),
(387,1.00,NULL,174,1,1.00,NULL,0,NULL),
(388,1.00,NULL,190,1,1.00,NULL,0,NULL),
(389,1.00,NULL,171,1,1.00,NULL,0,NULL),
(390,1.00,NULL,174,1,1.00,NULL,0,NULL),
(391,1.00,NULL,168,1,1.00,NULL,0,NULL),
(392,1.00,NULL,190,1,1.00,NULL,0,NULL),
(393,1.00,NULL,190,1,1.00,NULL,0,NULL),
(394,1.00,NULL,167,1,1.00,NULL,0,NULL),
(395,1.00,NULL,172,1,1.00,NULL,0,NULL),
(396,1.00,NULL,210,1,1.00,NULL,0,NULL),
(397,1.00,NULL,211,1,1.00,NULL,0,NULL),
(398,1.00,NULL,174,1,1.00,NULL,0,NULL),
(399,1.00,NULL,174,1,1.00,NULL,0,NULL),
(400,1.00,NULL,170,1,1.00,NULL,0,NULL),
(401,1.00,NULL,190,1,1.00,NULL,0,NULL),
(402,1.00,NULL,174,1,1.00,NULL,0,NULL),
(403,1.00,NULL,190,1,1.00,NULL,0,NULL),
(404,1.00,NULL,169,1,1.00,NULL,0,NULL),
(405,1.00,NULL,174,1,1.00,NULL,0,NULL),
(406,1.00,NULL,173,1,1.00,NULL,0,NULL),
(407,1.00,NULL,171,1,1.00,NULL,0,NULL),
(408,1.00,NULL,166,1,1.00,NULL,0,NULL),
(409,2.00,NULL,190,1,2.00,NULL,0,NULL),
(465,1.00,NULL,174,1,1.00,NULL,0,NULL),
(466,1.00,NULL,190,1,1.00,NULL,0,NULL),
(467,1.00,NULL,168,1,1.00,NULL,0,NULL),
(542,2.00,NULL,190,1,2.00,NULL,0,NULL),
(563,1.00,NULL,197,1,1.00,NULL,0,NULL),
(587,1.00,NULL,161,1,1.00,NULL,0,NULL),
(632,5.00,NULL,161,1,5.00,NULL,0,NULL),
(715,1.00,NULL,210,1,1.00,NULL,0,NULL),
(716,1.00,NULL,167,1,1.00,NULL,0,NULL),
(717,1.00,NULL,167,1,1.00,NULL,0,NULL),
(718,1.00,NULL,190,1,1.00,NULL,1500,NULL),
(719,1.00,NULL,190,1,1.00,NULL,1500,NULL),
(720,1.00,NULL,190,1,1.00,NULL,1500,NULL),
(721,1.00,NULL,167,1,1.00,NULL,0,NULL),
(722,1.00,NULL,167,1,1.00,NULL,0,NULL),
(723,1.00,NULL,190,1,1.00,NULL,1500,NULL),
(724,1.00,NULL,167,1,1.00,NULL,0,NULL),
(725,1.00,NULL,190,1,1.00,NULL,0,NULL),
(726,1.00,NULL,167,1,1.00,NULL,0,NULL),
(727,1.00,NULL,190,1,1.00,NULL,0,NULL),
(728,1.00,NULL,167,1,1.00,NULL,0,NULL),
(729,1.00,NULL,167,1,1.00,NULL,0,NULL),
(730,1.00,NULL,173,1,1.00,NULL,0,NULL),
(731,2.00,NULL,167,1,2.00,NULL,0,NULL),
(732,1.00,NULL,151,1,1.00,NULL,0,NULL),
(733,1.00,NULL,173,1,1.00,NULL,0,NULL),
(734,1.00,NULL,172,1,1.00,NULL,0,NULL),
(819,1.00,NULL,151,1,1.00,NULL,0,NULL),
(820,1.00,NULL,154,1,1.00,NULL,0,NULL),
(821,2.00,NULL,190,1,2.00,NULL,0,NULL),
(822,1.00,NULL,167,1,1.00,NULL,0,NULL),
(823,1.00,NULL,172,1,1.00,NULL,0,NULL),
(824,1.00,NULL,190,1,1.00,NULL,0,NULL),
(825,1.00,NULL,174,1,1.00,NULL,0,NULL),
(826,1.00,NULL,190,1,1.00,NULL,0,NULL),
(827,1.00,NULL,161,1,1.00,NULL,0,NULL),
(828,1.00,NULL,167,1,1.00,NULL,0,''),
(829,1.00,NULL,190,1,1.00,NULL,1500,''),
(830,1.00,NULL,168,1,1.00,NULL,0,''),
(831,1.00,NULL,167,1,1.00,NULL,0,''),
(832,1.00,NULL,213,1,1.00,NULL,2500,''),
(833,1.00,NULL,211,1,1.00,NULL,3500,''),
(834,1.00,NULL,166,1,1.00,NULL,1500,''),
(835,1.00,NULL,167,1,1.00,NULL,0,''),
(836,1.00,NULL,171,1,1.00,NULL,4000,''),
(837,1.00,NULL,161,1,1.00,NULL,2500,''),
(838,1.00,NULL,166,1,1.00,NULL,1500,''),
(839,1.00,NULL,190,1,1.00,NULL,1500,''),
(840,1.00,NULL,168,1,1.00,NULL,0,''),
(841,1.00,NULL,167,1,1.00,NULL,0,''),
(842,1.00,NULL,174,1,1.00,NULL,4000,''),
(843,1.00,NULL,173,1,1.00,NULL,4500,''),
(844,1.00,NULL,190,1,1.00,NULL,1500,''),
(845,1.00,NULL,161,1,1.00,NULL,2500,''),
(846,1.00,NULL,190,1,1.00,NULL,1500,''),
(847,1.00,NULL,161,1,1.00,NULL,2500,''),
(848,1.00,NULL,190,1,1.00,NULL,1500,''),
(849,1.00,NULL,174,1,1.00,NULL,4000,''),
(850,1.00,NULL,190,1,1.00,NULL,1500,''),
(851,1.00,NULL,174,1,1.00,NULL,4000,''),
(852,1.00,NULL,167,1,1.00,NULL,0,''),
(853,1.00,NULL,167,1,1.00,NULL,0,''),
(854,1.00,NULL,161,1,1.00,NULL,2500,''),
(855,1.00,NULL,167,1,1.00,NULL,0,''),
(856,1.00,NULL,171,1,1.00,NULL,5000,''),
(857,1.00,NULL,167,1,1.00,NULL,0,''),
(858,1.00,NULL,161,1,1.00,NULL,2500,''),
(859,1.00,NULL,167,1,1.00,NULL,0,''),
(860,1.00,NULL,174,1,1.00,NULL,4000,''),
(861,1.00,NULL,174,1,1.00,NULL,4000,''),
(862,1.00,NULL,174,1,1.00,NULL,4000,''),
(863,1.00,NULL,190,1,1.00,NULL,1500,''),
(864,1.00,NULL,190,1,1.00,NULL,1500,''),
(865,1.00,NULL,168,1,1.00,NULL,0,''),
(866,1.00,NULL,209,1,1.00,NULL,4000,''),
(867,1.00,NULL,168,1,1.00,NULL,0,''),
(868,1.00,NULL,208,1,1.00,NULL,2500,''),
(869,1.00,NULL,209,1,1.00,NULL,4000,''),
(870,1.00,NULL,209,1,1.00,NULL,4000,''),
(871,1.00,NULL,167,1,1.00,NULL,0,''),
(872,1.00,NULL,213,1,1.00,NULL,2500,''),
(873,1.00,NULL,207,1,1.00,NULL,3000,''),
(874,1.00,NULL,209,1,1.00,NULL,4000,''),
(875,1.00,NULL,161,1,1.00,NULL,2500,''),
(876,1.00,NULL,161,1,1.00,NULL,2500,''),
(877,1.00,NULL,161,1,1.00,NULL,2500,''),
(878,1.00,NULL,166,1,1.00,NULL,1500,''),
(879,1.00,NULL,167,1,1.00,NULL,0,''),
(880,1.00,NULL,207,1,1.00,NULL,3000,''),
(881,1.00,NULL,161,1,1.00,NULL,2500,''),
(882,1.00,NULL,208,1,1.00,NULL,2500,''),
(883,1.00,NULL,190,1,1.00,NULL,1500,''),
(884,1.00,NULL,209,1,1.00,NULL,4000,''),
(885,1.00,NULL,161,1,1.00,NULL,2500,''),
(886,1.00,NULL,212,1,1.00,NULL,6500,''),
(887,1.00,NULL,167,1,1.00,NULL,0,''),
(888,1.00,NULL,190,1,1.00,NULL,1500,''),
(889,1.00,NULL,201,1,1.00,NULL,2500,''),
(890,1.00,NULL,190,1,1.00,NULL,1500,''),
(891,1.00,NULL,167,1,1.00,NULL,0,''),
(892,1.00,NULL,211,1,1.00,NULL,3500,''),
(893,1.00,NULL,209,1,1.00,NULL,4000,''),
(894,1.00,NULL,167,1,1.00,NULL,0,''),
(895,1.00,NULL,211,1,1.00,NULL,3500,''),
(896,1.00,NULL,190,1,1.00,NULL,1500,''),
(897,1.00,NULL,167,1,1.00,NULL,0,''),
(898,1.00,NULL,167,1,1.00,NULL,0,''),
(899,1.00,NULL,209,1,1.00,NULL,4000,''),
(900,1.00,NULL,167,1,1.00,NULL,0,''),
(901,1.00,NULL,209,1,1.00,NULL,4000,''),
(902,1.00,NULL,190,1,1.00,NULL,1500,''),
(903,1.00,NULL,167,1,1.00,NULL,0,''),
(904,1.00,NULL,209,1,1.00,NULL,4000,''),
(905,1.00,NULL,190,1,1.00,NULL,1500,''),
(906,1.00,NULL,168,1,1.00,NULL,0,''),
(907,1.00,NULL,209,1,1.00,NULL,4000,''),
(908,1.00,NULL,190,1,1.00,NULL,1500,''),
(909,1.00,NULL,167,1,1.00,NULL,0,''),
(910,1.00,NULL,209,1,1.00,NULL,4000,''),
(911,1.00,NULL,190,1,1.00,NULL,1500,''),
(912,1.00,NULL,168,1,1.00,NULL,0,''),
(913,1.00,NULL,209,1,1.00,NULL,4000,''),
(914,1.00,NULL,190,1,1.00,NULL,1500,''),
(915,1.00,NULL,209,1,1.00,NULL,4000,''),
(916,1.00,NULL,209,1,1.00,NULL,4000,''),
(917,1.00,NULL,166,1,1.00,NULL,1500,''),
(918,1.00,NULL,209,1,1.00,NULL,4000,''),
(919,1.00,NULL,209,1,1.00,NULL,4000,''),
(920,1.00,NULL,211,1,1.00,NULL,3500,''),
(921,1.00,NULL,212,1,1.00,NULL,6500,''),
(922,1.00,NULL,207,1,1.00,NULL,3000,''),
(923,1.00,NULL,168,1,1.00,NULL,0,''),
(924,1.00,NULL,166,1,1.00,NULL,1500,''),
(925,1.00,NULL,211,1,1.00,NULL,3500,''),
(926,1.00,NULL,209,1,1.00,NULL,4000,''),
(927,1.00,NULL,190,1,1.00,NULL,1500,''),
(928,1.00,NULL,161,1,1.00,NULL,2500,''),
(929,1.00,NULL,168,1,1.00,NULL,0,''),
(930,1.00,NULL,209,1,1.00,NULL,4000,''),
(931,1.00,NULL,190,1,1.00,NULL,1500,''),
(932,1.00,NULL,166,1,1.00,NULL,1500,''),
(933,1.00,NULL,190,1,1.00,NULL,1500,''),
(934,1.00,NULL,209,1,1.00,NULL,4000,''),
(935,1.00,NULL,209,1,1.00,NULL,4000,''),
(936,1.00,NULL,190,1,1.00,NULL,1500,''),
(937,1.00,NULL,190,1,1.00,NULL,1500,''),
(938,1.00,NULL,172,1,1.00,NULL,4000,''),
(939,1.00,NULL,201,1,1.00,NULL,2500,''),
(940,1.00,NULL,211,1,1.00,NULL,3500,''),
(941,1.00,NULL,172,1,1.00,NULL,4000,''),
(942,1.00,NULL,201,1,1.00,NULL,2500,''),
(954,1.00,56,172,1,1.00,NULL,4000,''),
(955,1.00,56,172,1,1.00,NULL,4000,''),
(957,2.00,58,173,1,2.00,NULL,8000,''),
(958,1.00,59,172,1,1.00,NULL,5000,''),
(959,1.00,59,201,1,1.00,NULL,2500,''),
(960,1.00,59,174,1,1.00,NULL,4000,'');
/*!40000 ALTER TABLE `pedidos_productos` ENABLE KEYS */;

-- 
-- Definition of pendientes
-- 

DROP TABLE IF EXISTS `pendientes`;
CREATE TABLE IF NOT EXISTS `pendientes` (
  `id` int(11) NOT NULL AUTO_INCREMENT,
  `producto_id` int(11) DEFAULT NULL,
  `usuario_id` int(11) DEFAULT NULL,
  `fecha` datetime NOT NULL,
  `archivado` tinyint(1) DEFAULT NULL,
  `promocion_id` int(11) DEFAULT NULL,
  PRIMARY KEY (`id`),
  KEY `pendientes_ibfk_1` (`producto_id`),
  KEY `pendientes_ibfk_2_idx` (`usuario_id`),
  KEY `pendientes_ibfk_3_idx` (`promocion_id`),
  CONSTRAINT `pendientes_ibfk_1` FOREIGN KEY (`producto_id`) REFERENCES `productos` (`id`) ON DELETE CASCADE ON UPDATE CASCADE,
  CONSTRAINT `pendientes_ibfk_2` FOREIGN KEY (`usuario_id`) REFERENCES `usuarios` (`id`) ON DELETE SET NULL ON UPDATE CASCADE,
  CONSTRAINT `pendientes_ibfk_3` FOREIGN KEY (`promocion_id`) REFERENCES `promociones` (`id`) ON DELETE CASCADE ON UPDATE CASCADE
) ENGINE=InnoDB DEFAULT CHARSET=utf8;

-- 
-- Dumping data for table pendientes
-- 

/*!40000 ALTER TABLE `pendientes` DISABLE KEYS */;

/*!40000 ALTER TABLE `pendientes` ENABLE KEYS */;

-- 
-- Definition of preparaciones
-- 

DROP TABLE IF EXISTS `preparaciones`;
CREATE TABLE IF NOT EXISTS `preparaciones` (
  `id` int(11) NOT NULL AUTO_INCREMENT,
  `nombre` varchar(30) DEFAULT NULL,
  `font_size` int(11) NOT NULL DEFAULT '20',
  PRIMARY KEY (`id`)
) ENGINE=InnoDB AUTO_INCREMENT=4 DEFAULT CHARSET=utf8;

-- 
-- Dumping data for table preparaciones
-- 

/*!40000 ALTER TABLE `preparaciones` DISABLE KEYS */;
INSERT INTO `preparaciones`(`id`,`nombre`,`font_size`) VALUES
(1,'A LA PLANCHA',20),
(2,'A LA MANTEQ',20),
(3,'FRITO',30);
/*!40000 ALTER TABLE `preparaciones` ENABLE KEYS */;

-- 
-- Definition of prestamo_envases
-- 

DROP TABLE IF EXISTS `prestamo_envases`;
CREATE TABLE IF NOT EXISTS `prestamo_envases` (
  `id` int(11) NOT NULL AUTO_INCREMENT,
  `envases` int(11) NOT NULL DEFAULT '0',
  `fecha` datetime NOT NULL,
  `cliente_id` int(11) NOT NULL,
  PRIMARY KEY (`id`),
  KEY `cliente_id` (`cliente_id`),
  CONSTRAINT `prestamo_envases_ibfk_1` FOREIGN KEY (`cliente_id`) REFERENCES `clientes` (`id`) ON UPDATE CASCADE
) ENGINE=InnoDB DEFAULT CHARSET=utf8;

-- 
-- Dumping data for table prestamo_envases
-- 

/*!40000 ALTER TABLE `prestamo_envases` DISABLE KEYS */;

/*!40000 ALTER TABLE `prestamo_envases` ENABLE KEYS */;

-- 
-- Definition of producto_compra
-- 

DROP TABLE IF EXISTS `producto_compra`;
CREATE TABLE IF NOT EXISTS `producto_compra` (
  `id` int(11) NOT NULL AUTO_INCREMENT,
  `compra_id` int(11) NOT NULL,
  `producto_id` int(11) NOT NULL,
  `cantidad_disponible` decimal(12,2) NOT NULL,
  `costo_unitario` decimal(12,2) DEFAULT NULL,
  `cantidad_compra` decimal(12,2) DEFAULT NULL,
  `activa` tinyint(1) DEFAULT NULL,
  PRIMARY KEY (`id`),
  KEY `compras_producto_ibfk_1` (`producto_id`),
  KEY `compras_producto_ibfk_2` (`compra_id`),
  CONSTRAINT `producto_compra_ibfk_1` FOREIGN KEY (`producto_id`) REFERENCES `productos` (`id`) ON DELETE CASCADE ON UPDATE CASCADE,
  CONSTRAINT `producto_compra_ibfk_2` FOREIGN KEY (`compra_id`) REFERENCES `compras` (`id`) ON DELETE CASCADE ON UPDATE CASCADE
) ENGINE=InnoDB AUTO_INCREMENT=4 DEFAULT CHARSET=utf8;

-- 
-- Dumping data for table producto_compra
-- 

/*!40000 ALTER TABLE `producto_compra` DISABLE KEYS */;
INSERT INTO `producto_compra`(`id`,`compra_id`,`producto_id`,`cantidad_disponible`,`costo_unitario`,`cantidad_compra`,`activa`) VALUES
(1,1,175,10.00,700.00,10.00,1),
(3,3,178,10.00,1650.00,10.00,1);
/*!40000 ALTER TABLE `producto_compra` ENABLE KEYS */;

-- 
-- Definition of producto_materiaprima
-- 

DROP TABLE IF EXISTS `producto_materiaprima`;
CREATE TABLE IF NOT EXISTS `producto_materiaprima` (
  `id` int(11) NOT NULL AUTO_INCREMENT,
  `materiaprima_id` int(11) DEFAULT NULL,
  `producto_id` int(11) DEFAULT NULL,
  `cantidad` decimal(12,2) DEFAULT NULL,
  PRIMARY KEY (`id`),
  KEY `materiaprima_id` (`materiaprima_id`),
  KEY `producto_id` (`producto_id`),
  CONSTRAINT `producto_materiaprima_ibfk_1` FOREIGN KEY (`materiaprima_id`) REFERENCES `materiasprimas` (`id`) ON DELETE CASCADE ON UPDATE CASCADE,
  CONSTRAINT `producto_materiaprima_ibfk_2` FOREIGN KEY (`producto_id`) REFERENCES `productos` (`id`) ON DELETE CASCADE ON UPDATE CASCADE
) ENGINE=InnoDB AUTO_INCREMENT=6 DEFAULT CHARSET=utf8;

-- 
-- Dumping data for table producto_materiaprima
-- 

/*!40000 ALTER TABLE `producto_materiaprima` DISABLE KEYS */;
INSERT INTO `producto_materiaprima`(`id`,`materiaprima_id`,`producto_id`,`cantidad`) VALUES
(1,9,125,1.00),
(2,9,175,5.00),
(5,11,178,20.00);
/*!40000 ALTER TABLE `producto_materiaprima` ENABLE KEYS */;

-- 
-- Definition of producto_preparacion
-- 

DROP TABLE IF EXISTS `producto_preparacion`;
CREATE TABLE IF NOT EXISTS `producto_preparacion` (
  `id` int(11) NOT NULL AUTO_INCREMENT,
  `producto_id` int(11) DEFAULT NULL,
  `preparacion_id` int(11) DEFAULT NULL,
  PRIMARY KEY (`id`),
  KEY `preparacion_id` (`preparacion_id`),
  KEY `producto_preparacion_ibfk_3` (`producto_id`),
  CONSTRAINT `producto_preparacion_ibfk_2` FOREIGN KEY (`preparacion_id`) REFERENCES `preparaciones` (`id`) ON DELETE CASCADE ON UPDATE CASCADE,
  CONSTRAINT `producto_preparacion_ibfk_3` FOREIGN KEY (`producto_id`) REFERENCES `productos` (`id`) ON DELETE CASCADE ON UPDATE CASCADE
) ENGINE=InnoDB DEFAULT CHARSET=utf8;

-- 
-- Dumping data for table producto_preparacion
-- 

/*!40000 ALTER TABLE `producto_preparacion` DISABLE KEYS */;

/*!40000 ALTER TABLE `producto_preparacion` ENABLE KEYS */;

-- 
-- Definition of producto_productocomplejo
-- 

DROP TABLE IF EXISTS `producto_productocomplejo`;
CREATE TABLE IF NOT EXISTS `producto_productocomplejo` (
  `id` int(11) NOT NULL AUTO_INCREMENT,
  `productocomplejo_id` int(11) DEFAULT NULL,
  `producto_id` int(11) DEFAULT NULL,
  `cantidad` decimal(12,2) DEFAULT NULL,
  PRIMARY KEY (`id`),
  KEY `productocomplejo_id` (`productocomplejo_id`),
  KEY `producto_id` (`producto_id`),
  CONSTRAINT `producto_productocomplejo_ibfk_1` FOREIGN KEY (`productocomplejo_id`) REFERENCES `productoscomplejos` (`id`) ON DELETE CASCADE ON UPDATE CASCADE,
  CONSTRAINT `producto_productocomplejo_ibfk_2` FOREIGN KEY (`producto_id`) REFERENCES `productos` (`id`) ON DELETE CASCADE ON UPDATE CASCADE
) ENGINE=InnoDB DEFAULT CHARSET=utf8;

-- 
-- Dumping data for table producto_productocomplejo
-- 

/*!40000 ALTER TABLE `producto_productocomplejo` DISABLE KEYS */;

/*!40000 ALTER TABLE `producto_productocomplejo` ENABLE KEYS */;

-- 
-- Definition of producto_promocion
-- 

DROP TABLE IF EXISTS `producto_promocion`;
CREATE TABLE IF NOT EXISTS `producto_promocion` (
  `id` int(11) NOT NULL AUTO_INCREMENT,
  `producto_id` int(11) DEFAULT NULL,
  `promocion_id` int(11) DEFAULT NULL,
  PRIMARY KEY (`id`),
  KEY `producto_id` (`producto_id`),
  KEY `promocion_id` (`promocion_id`),
  CONSTRAINT `producto_promocion_ibfk_1` FOREIGN KEY (`producto_id`) REFERENCES `productos` (`id`) ON DELETE CASCADE ON UPDATE CASCADE,
  CONSTRAINT `producto_promocion_ibfk_2` FOREIGN KEY (`promocion_id`) REFERENCES `promociones` (`id`) ON DELETE CASCADE ON UPDATE CASCADE
) ENGINE=InnoDB DEFAULT CHARSET=utf8;

-- 
-- Dumping data for table producto_promocion
-- 

/*!40000 ALTER TABLE `producto_promocion` DISABLE KEYS */;

/*!40000 ALTER TABLE `producto_promocion` ENABLE KEYS */;

-- 
-- Definition of productos
-- 

DROP TABLE IF EXISTS `productos`;
CREATE TABLE IF NOT EXISTS `productos` (
  `id` int(11) NOT NULL AUTO_INCREMENT,
  `nombre` varchar(50) DEFAULT NULL,
  `codigo_barras` varchar(100) DEFAULT NULL,
  `precio` int(11) NOT NULL DEFAULT '0',
  `retornable` tinyint(1) DEFAULT NULL,
  `favorito` tinyint(1) DEFAULT NULL,
  `puntos_cantidad` int(11) DEFAULT NULL,
  `imagen` varchar(1024) DEFAULT NULL,
  `sub_categoria_id` int(11) DEFAULT NULL,
  `proveedor_id` int(11) DEFAULT NULL,
  `contiene_agregado` tinyint(1) DEFAULT NULL,
  `solo_venta` tinyint(1) DEFAULT NULL,
  `solo_compra` tinyint(1) DEFAULT NULL,
  `preparado_especial` tinyint(1) DEFAULT NULL,
  `sector_impresion_id` int(11) DEFAULT NULL,
  `tipo_itemventa_id` int(11) DEFAULT NULL,
  `z-index` int(11) NOT NULL DEFAULT '0',
  PRIMARY KEY (`id`),
  UNIQUE KEY `nombre_UNIQUE` (`nombre`),
  KEY `productos_ibfk_1_idx` (`sub_categoria_id`),
  KEY `productos_ibkf_2_idx` (`proveedor_id`),
  KEY `productos_ibkf_3_idx` (`sector_impresion_id`),
  KEY `productos_ibfk_4_idx` (`tipo_itemventa_id`),
  CONSTRAINT `productos_ibfk_1` FOREIGN KEY (`sub_categoria_id`) REFERENCES `subcategorias` (`id`) ON DELETE SET NULL ON UPDATE CASCADE,
  CONSTRAINT `productos_ibfk_4` FOREIGN KEY (`tipo_itemventa_id`) REFERENCES `tipo_itemventa` (`id`) ON DELETE SET NULL ON UPDATE CASCADE,
  CONSTRAINT `productos_ibkf_2` FOREIGN KEY (`proveedor_id`) REFERENCES `proveedores` (`id`) ON DELETE SET NULL ON UPDATE CASCADE,
  CONSTRAINT `productos_ibkf_3` FOREIGN KEY (`sector_impresion_id`) REFERENCES `sector_impresion` (`id`) ON DELETE SET NULL ON UPDATE CASCADE
) ENGINE=InnoDB AUTO_INCREMENT=215 DEFAULT CHARSET=utf8;

-- 
-- Dumping data for table productos
-- 

/*!40000 ALTER TABLE `productos` DISABLE KEYS */;
INSERT INTO `productos`(`id`,`nombre`,`codigo_barras`,`precio`,`retornable`,`favorito`,`puntos_cantidad`,`imagen`,`sub_categoria_id`,`proveedor_id`,`contiene_agregado`,`solo_venta`,`solo_compra`,`preparado_especial`,`sector_impresion_id`,`tipo_itemventa_id`,`z-index`) VALUES
(93,'CEVICHE REINETA','',8500,0,0,0,'EMP QUESO.jpg',26,NULL,0,1,0,0,2,3,101),
(94,'CEVICHE CAMARON','',8500,0,0,0,'',26,NULL,0,1,0,0,2,3,102),
(95,'CEVICHE MIXTO','',10000,0,0,0,'',26,NULL,0,1,0,0,2,3,103),
(96,'EMP QUESO','',2500,0,0,0,'EMP QUESO.jpg',27,NULL,0,1,0,0,2,3,0),
(97,'EMP MARISCO','',3000,0,0,0,'EMP QUESO.jpg',27,NULL,0,1,0,0,2,3,0),
(98,'EMP MACHA QUESO','',3000,0,0,0,'EMP QUESO.jpg',27,NULL,0,1,0,0,2,3,0),
(99,'EMP CAMAR QUESO','',3000,0,0,0,'EMP QUESO.jpg',27,NULL,0,1,0,0,2,3,0),
(100,'EMP OSTION QUESO','',3000,0,0,0,'EMP QUESO.jpg',27,NULL,0,1,0,0,2,3,0),
(101,'EMP LOCO','',3500,0,0,0,'EMP QUESO.jpg',27,NULL,0,1,0,0,2,3,0),
(102,'EMP JAIBA','',3500,0,0,0,'EMP QUESO.jpg',27,NULL,0,1,0,0,2,3,0),
(103,'MACHAS PARM','',9500,0,0,0,'',28,NULL,0,1,0,0,2,3,0),
(104,'OSTION PARM','',9500,0,0,0,'',28,NULL,0,1,0,0,2,3,0),
(105,'JAIBA MAYO','',9500,0,0,0,'',28,NULL,0,1,0,0,2,3,0),
(106,'CAMARON MAYO','',9500,0,0,0,'',28,NULL,0,1,0,0,2,3,0),
(107,'CAMARON PIL PIL','',9500,0,0,0,'',28,NULL,0,1,0,0,2,3,0),
(108,'OSTION PIL PIL','',9500,0,0,0,'',28,NULL,0,1,0,0,2,3,0),
(109,'MACHAS PIL PIL','',9500,0,0,0,'',28,NULL,0,1,0,0,2,3,0),
(110,'CALUGAS REINETA','',9000,0,0,0,'',28,NULL,0,1,0,0,2,3,0),
(111,'LOCOS MAYO','',12000,0,0,0,'',28,NULL,0,1,0,0,2,3,0),
(115,'PIURE S. VERDE','',8000,0,0,0,'',28,NULL,0,1,0,0,2,3,0),
(116,'MARISCAL FRIO','',8000,0,0,0,'',28,NULL,0,1,0,0,2,3,0),
(117,'MERLUZA AGREG','',7000,0,0,0,'MERLUZA AGREG.jpg',29,NULL,1,1,0,1,2,3,0),
(118,'MERLUZA PAPAS FR','',7500,0,0,0,'',29,NULL,0,1,0,1,2,3,0),
(119,'MERLUZA A LO POB','',8000,0,0,0,'',29,NULL,0,1,0,1,2,3,0),
(121,'REINETA AGREG','',8500,0,0,0,'',30,NULL,1,1,0,1,2,3,0),
(122,'REINETA PAPAS FR','',9000,0,0,0,'',30,NULL,0,1,0,1,2,3,0),
(123,'REINETA A LO POB','',10000,0,0,0,'',30,NULL,0,1,0,1,2,3,0),
(124,'REINETA S. MARG','',10000,0,0,0,'',30,NULL,0,1,0,1,2,3,0),
(125,'SALMON AGREG','',10000,0,0,0,'',31,NULL,1,1,0,1,2,3,0),
(126,'SALMON PAPAS FR','',9500,0,0,0,'',31,NULL,0,1,0,1,2,3,0),
(127,'SALMON A LO POBRE','',10000,0,0,0,'',31,NULL,0,1,0,1,2,3,0),
(128,'SALMON S. CAMARON','',10000,0,0,0,'',31,NULL,0,1,0,1,2,3,0),
(129,'SALMON S. MARGAR','',10000,0,0,0,'',31,NULL,0,1,0,1,2,3,0),
(130,'CONGRIO AGREG','',9000,0,0,0,'',32,NULL,1,1,0,1,2,3,0),
(131,'CONGRIO PAPAS FR','',9500,0,0,0,'',32,NULL,0,1,0,1,2,3,0),
(132,'CONGRIO A LO POB','',10000,0,0,0,'',32,NULL,0,1,0,1,2,3,0),
(133,'CONGRIO S. CAMARON','',10000,0,0,0,'',32,NULL,0,1,0,1,2,3,0),
(134,'CONGRIO S. MARGAR','',10000,0,0,0,'',32,NULL,0,1,0,1,2,3,0),
(135,'CONGRIO CALDILLO','',9500,0,0,0,'',32,NULL,0,1,0,1,2,3,0),
(136,'REINETA S. CAMAR','',10000,0,0,0,'',30,NULL,0,1,0,1,2,3,0),
(137,'CHUPE MARISCO','',8000,0,0,0,'',33,NULL,0,1,0,0,2,3,0),
(138,'CHUPE JAIBA','',9500,0,0,0,'',33,NULL,0,1,0,0,2,3,0),
(139,'CHUPE LOCOS','',12000,0,0,0,'',33,NULL,0,1,0,0,2,3,0),
(140,'CHUPE MACHAS','',10000,0,0,0,'',33,NULL,0,1,0,0,2,3,0),
(141,'CHUPE CAMARON','',10000,0,0,0,'',33,NULL,0,1,0,0,2,3,0),
(142,'CHUPE OSTION','',10000,0,0,0,'',33,NULL,0,1,0,0,2,3,0),
(143,'CHORR MAR IND.','',8000,0,0,0,'',34,NULL,0,1,0,0,2,3,0),
(144,'CHORR MAR EXTRA','',14000,0,0,0,'',34,NULL,0,1,0,0,2,3,0),
(145,'CHORR CARNE IND','',8000,0,0,0,'',34,NULL,0,1,0,0,2,3,0),
(146,'CHORR CARNE EXTRA','',14000,0,0,0,'',34,NULL,0,1,0,0,2,3,0),
(147,'PASTEL DE JAIBA','',10000,0,0,0,'',35,NULL,0,1,0,0,2,3,0),
(149,'PAILA ESPECIAL','',10000,0,0,0,'',35,NULL,0,1,0,0,2,3,0),
(151,'JARDIN MARISCOS','',16000,0,0,0,'',35,NULL,0,1,0,0,2,3,0),
(152,'LOMO POBRE','',10000,0,0,0,'',36,NULL,0,1,0,0,2,3,0),
(153,'CERDO AGREG','',7000,0,0,0,'',36,NULL,1,1,0,0,2,3,0),
(154,'POLLO AGREG','',7000,0,0,0,'',36,NULL,1,1,0,0,2,3,0),
(155,'TE','',1500,0,0,0,'',40,NULL,0,1,0,0,2,5,199),
(156,'CAFE','',1500,0,0,0,'',40,NULL,0,1,0,0,2,5,199),
(157,'COPA DE VINO','',2000,0,0,0,'',40,NULL,0,1,0,0,2,5,199),
(158,'CRISTAL','',2500,0,0,0,'',37,NULL,0,0,0,0,2,5,0),
(159,'ESCUDO IND','',2500,0,0,0,'',37,NULL,0,0,0,0,2,5,0),
(160,'HEINEKEN IND','',3000,0,0,0,'',37,NULL,0,0,0,0,2,5,0),
(161,'JUGO NATURAL','',2500,0,1,0,'',40,NULL,0,1,0,0,2,5,0),
(162,'CORONA','',3000,0,0,0,'',37,NULL,0,0,0,0,2,5,0),
(163,'PISCO SOUR','',2500,0,0,0,'',38,NULL,0,1,0,0,2,5,0),
(164,'AMARETTO SOUR','',2500,0,0,0,'',38,NULL,0,1,0,0,2,5,0),
(165,'VAINA','',2500,0,0,0,'',38,NULL,0,1,0,0,2,5,0),
(166,'COPA HELADO GRIDO','',1500,0,1,0,'',41,NULL,0,1,0,0,2,5,0),
(167,'CEVICHE','',0,0,1,0,'CEVICHE(3).jpg',25,NULL,0,1,0,0,2,3,-50),
(168,'CONSOME AVE','',0,0,1,0,'',25,NULL,0,1,0,0,2,3,-51),
(169,'CONSOME MARISCO','',0,0,1,0,'',25,NULL,0,1,0,0,2,3,-52),
(170,'ENSALADA CHICA','',0,0,1,0,'',25,NULL,0,1,0,0,2,3,-53),
(171,'MERLUZA MENU','',4000,0,1,0,'MERLUZA AGREG.jpg',25,NULL,1,1,0,1,2,3,-1),
(172,'POLLO MENU','',4000,0,1,0,'',25,NULL,1,1,0,0,2,3,-2),
(173,'CHULETA MENU','',4000,0,1,0,'CHULETA MENU.jpg',25,NULL,1,1,0,0,2,3,-3),
(174,'PAILA MENU','',4000,0,1,0,'PAILA MENU.jpg',25,NULL,0,1,0,0,2,3,-4),
(175,'PALETA SALMON','',0,0,0,0,'',31,NULL,0,0,1,0,2,NULL,0),
(178,'pack vienesa 20 u','',1650,0,0,0,'',25,NULL,0,0,1,0,NULL,NULL,0),
(180,'DCTO 500','',-500,0,1,0,'',42,NULL,0,1,0,0,1,5,200),
(181,'DCTO 1000','',-1000,0,0,0,'',42,NULL,0,1,0,0,1,5,0),
(182,'DCTO 1500','',-1500,0,0,0,'',42,NULL,0,1,0,0,1,5,0),
(183,'DCTO 2000','',-2000,0,0,0,'',42,NULL,0,1,0,0,1,5,0),
(184,'DCTO 2500','',-2500,0,0,0,'',42,NULL,0,1,0,0,1,5,0),
(185,'DCTO 3000','',-3000,0,0,0,'',42,NULL,0,1,0,0,1,5,0),
(186,'DCTO 3500','',-3500,0,0,0,'',42,NULL,0,1,0,0,1,5,0),
(187,'DCTO 4000','',-4000,0,0,0,'',42,NULL,0,1,0,0,1,5,0),
(188,'DCTO 4500','',-4500,0,0,0,'',42,NULL,0,1,0,0,1,5,0),
(189,'DCTO 5000','',-5000,0,0,0,'',42,NULL,0,1,0,0,1,5,0),
(190,'BEBIDA','',1500,0,1,0,'',39,NULL,0,1,0,0,2,5,0),
(191,'SCHOP 350cc','',2500,0,0,0,'',37,NULL,0,1,0,0,2,5,0),
(192,'SCHOP 500cc','',3500,0,0,0,'',37,NULL,0,1,0,0,2,5,0),
(193,'PITCHER','',8000,0,0,0,'',37,NULL,0,1,0,0,2,5,0),
(194,'KUNSTMANN','',3000,0,0,0,'',37,NULL,0,0,0,0,2,5,0),
(195,'CALUGA MERLUZA','',8000,0,0,0,'',29,NULL,0,1,0,0,1,3,0),
(196,'LOMO AGREGADO','',9500,0,0,0,'',36,NULL,1,1,0,0,1,3,0),
(197,'VINO 3/4','',7000,0,0,0,'',40,NULL,0,0,0,0,1,5,0),
(198,'VINO RESERVA','',11000,0,0,0,'',40,NULL,0,0,0,0,2,5,0),
(201,'ENSALADA MEDIANA','',2500,0,1,0,'',25,NULL,0,1,0,0,1,3,0),
(202,'ALBACORA AGREG','',8500,0,0,0,'',43,NULL,1,1,0,1,1,3,0),
(203,'ALBACORA PAPAS FR','',9000,0,0,0,'',43,NULL,0,1,0,1,1,3,0),
(204,'ALBACORA A LO POB','',10000,0,0,0,'',43,NULL,0,1,0,1,1,3,0),
(205,'ALBACORA S. MARG','',10000,0,0,0,'',43,NULL,0,1,0,1,1,3,0),
(206,'ALBACORA S. CAMAR','',10000,0,0,0,'',43,NULL,0,1,0,1,1,3,0),
(207,'PAPAS FRITAS CH','',3000,0,1,0,'',34,NULL,0,1,0,0,1,3,0),
(208,'AGREGADO','',2500,0,1,0,'',34,NULL,0,1,0,0,1,3,0),
(209,'PAPA FRITA GRANDE','',4000,0,1,0,'',34,NULL,0,1,0,0,1,3,0),
(210,'ENSALADA GRANDE','',3500,0,0,0,'',25,NULL,0,1,0,0,1,3,0),
(211,'PF MEDIANAS','',3500,0,1,0,'',34,NULL,0,1,0,0,1,3,150),
(212,'RABAS ','0',6500,0,1,0,'',25,NULL,0,1,0,0,1,3,160),
(213,'PORCION AGRE','0',2500,0,1,0,'',25,NULL,0,1,0,0,1,3,160),
(214,'VINO 750CC','0',8000,0,0,0,'',40,NULL,0,1,0,0,1,5,100);
/*!40000 ALTER TABLE `productos` ENABLE KEYS */;

-- 
-- Definition of productoscomplejos
-- 

DROP TABLE IF EXISTS `productoscomplejos`;
CREATE TABLE IF NOT EXISTS `productoscomplejos` (
  `id` int(11) NOT NULL AUTO_INCREMENT,
  `producto_id` int(11) DEFAULT NULL,
  PRIMARY KEY (`id`),
  KEY `producto_id` (`producto_id`),
  CONSTRAINT `productoscomplejos_ibfk_1` FOREIGN KEY (`producto_id`) REFERENCES `productos` (`id`) ON DELETE CASCADE ON UPDATE CASCADE
) ENGINE=InnoDB DEFAULT CHARSET=utf8;

-- 
-- Dumping data for table productoscomplejos
-- 

/*!40000 ALTER TABLE `productoscomplejos` DISABLE KEYS */;

/*!40000 ALTER TABLE `productoscomplejos` ENABLE KEYS */;

-- 
-- Definition of promociones
-- 

DROP TABLE IF EXISTS `promociones`;
CREATE TABLE IF NOT EXISTS `promociones` (
  `id` int(11) NOT NULL AUTO_INCREMENT,
  `nombre` varchar(30) DEFAULT NULL,
  `precio` int(11) DEFAULT NULL,
  `imagen` varchar(1024) DEFAULT NULL,
  `subcategoria_id` int(11) DEFAULT NULL,
  `favorito` tinyint(1) DEFAULT NULL,
  PRIMARY KEY (`id`),
  KEY `promociones_ibfk_1_idx` (`subcategoria_id`),
  CONSTRAINT `promociones_ibfk_1` FOREIGN KEY (`subcategoria_id`) REFERENCES `subcategorias` (`id`) ON DELETE SET NULL ON UPDATE CASCADE
) ENGINE=InnoDB DEFAULT CHARSET=utf8;

-- 
-- Dumping data for table promociones
-- 

/*!40000 ALTER TABLE `promociones` DISABLE KEYS */;

/*!40000 ALTER TABLE `promociones` ENABLE KEYS */;

-- 
-- Definition of proveedores
-- 

DROP TABLE IF EXISTS `proveedores`;
CREATE TABLE IF NOT EXISTS `proveedores` (
  `id` int(11) NOT NULL AUTO_INCREMENT,
  `nombre` varchar(45) DEFAULT NULL,
  `representante` varchar(45) DEFAULT NULL,
  `contacto` varchar(45) DEFAULT NULL,
  PRIMARY KEY (`id`),
  KEY `proveedor_contacto_id` (`representante`)
) ENGINE=InnoDB DEFAULT CHARSET=utf8;

-- 
-- Dumping data for table proveedores
-- 

/*!40000 ALTER TABLE `proveedores` DISABLE KEYS */;

/*!40000 ALTER TABLE `proveedores` ENABLE KEYS */;

-- 
-- Definition of puntos
-- 

DROP TABLE IF EXISTS `puntos`;
CREATE TABLE IF NOT EXISTS `puntos` (
  `id` int(11) NOT NULL AUTO_INCREMENT,
  `puntos_activos` int(11) DEFAULT NULL,
  `puntos_expirados` int(11) DEFAULT NULL,
  `fecha_expiracion` datetime DEFAULT NULL,
  PRIMARY KEY (`id`)
) ENGINE=InnoDB DEFAULT CHARSET=utf8;

-- 
-- Dumping data for table puntos
-- 

/*!40000 ALTER TABLE `puntos` DISABLE KEYS */;

/*!40000 ALTER TABLE `puntos` ENABLE KEYS */;

-- 
-- Definition of registros
-- 

DROP TABLE IF EXISTS `registros`;
CREATE TABLE IF NOT EXISTS `registros` (
  `id` int(11) NOT NULL AUTO_INCREMENT,
  `fecha` date DEFAULT NULL,
  `usuario_id` int(11) DEFAULT NULL,
  `tipo` varchar(20) DEFAULT NULL,
  `detalle` varchar(80) DEFAULT NULL,
  PRIMARY KEY (`id`),
  KEY `usuario_id` (`usuario_id`),
  CONSTRAINT `registros_ibfk_1` FOREIGN KEY (`usuario_id`) REFERENCES `usuarios` (`id`) ON UPDATE CASCADE
) ENGINE=InnoDB DEFAULT CHARSET=utf8;

-- 
-- Dumping data for table registros
-- 

/*!40000 ALTER TABLE `registros` DISABLE KEYS */;

/*!40000 ALTER TABLE `registros` ENABLE KEYS */;

-- 
-- Definition of reservas
-- 

DROP TABLE IF EXISTS `reservas`;
CREATE TABLE IF NOT EXISTS `reservas` (
  `id` int(11) NOT NULL AUTO_INCREMENT,
  `fecha` datetime DEFAULT NULL,
  `mesa_id` int(11) DEFAULT NULL,
  `usuario_id` int(11) DEFAULT NULL,
  PRIMARY KEY (`id`),
  KEY `mesa_id` (`mesa_id`),
  KEY `usuario_id` (`usuario_id`),
  CONSTRAINT `reservas_ibfk_1` FOREIGN KEY (`mesa_id`) REFERENCES `mesas` (`id`) ON DELETE CASCADE ON UPDATE CASCADE,
  CONSTRAINT `reservas_ibfk_2` FOREIGN KEY (`usuario_id`) REFERENCES `usuarios` (`id`) ON DELETE CASCADE ON UPDATE CASCADE
) ENGINE=InnoDB DEFAULT CHARSET=utf8;

-- 
-- Dumping data for table reservas
-- 

/*!40000 ALTER TABLE `reservas` DISABLE KEYS */;

/*!40000 ALTER TABLE `reservas` ENABLE KEYS */;

-- 
-- Definition of sector_impresion
-- 

DROP TABLE IF EXISTS `sector_impresion`;
CREATE TABLE IF NOT EXISTS `sector_impresion` (
  `id` int(11) NOT NULL AUTO_INCREMENT,
  `nombre` varchar(30) DEFAULT NULL,
  `impresora` varchar(45) DEFAULT NULL,
  PRIMARY KEY (`id`)
) ENGINE=InnoDB AUTO_INCREMENT=3 DEFAULT CHARSET=utf8;

-- 
-- Dumping data for table sector_impresion
-- 

/*!40000 ALTER TABLE `sector_impresion` DISABLE KEYS */;
INSERT INTO `sector_impresion`(`id`,`nombre`,`impresora`) VALUES
(1,'COCINA','IMPRESORA BAR'),
(2,'BAR','IMPRESORA COCINA2');
/*!40000 ALTER TABLE `sector_impresion` ENABLE KEYS */;

-- 
-- Definition of sectores
-- 

DROP TABLE IF EXISTS `sectores`;
CREATE TABLE IF NOT EXISTS `sectores` (
  `id` int(11) NOT NULL AUTO_INCREMENT,
  `nombre` varchar(30) DEFAULT NULL,
  `seleccionable` tinyint(1) NOT NULL,
  PRIMARY KEY (`id`)
) ENGINE=InnoDB AUTO_INCREMENT=43 DEFAULT CHARSET=utf8;

-- 
-- Dumping data for table sectores
-- 

/*!40000 ALTER TABLE `sectores` DISABLE KEYS */;
INSERT INTO `sectores`(`id`,`nombre`,`seleccionable`) VALUES
(40,'MENU',1),
(41,'CARTA',0),
(42,'DCTO',1);
/*!40000 ALTER TABLE `sectores` ENABLE KEYS */;

-- 
-- Definition of sectormesas
-- 

DROP TABLE IF EXISTS `sectormesas`;
CREATE TABLE IF NOT EXISTS `sectormesas` (
  `id` int(11) NOT NULL AUTO_INCREMENT,
  `nombre` varchar(20) DEFAULT NULL,
  PRIMARY KEY (`id`)
) ENGINE=InnoDB AUTO_INCREMENT=4 DEFAULT CHARSET=utf8;

-- 
-- Dumping data for table sectormesas
-- 

/*!40000 ALTER TABLE `sectormesas` DISABLE KEYS */;
INSERT INTO `sectormesas`(`id`,`nombre`) VALUES
(1,'terraza'),
(2,'uno'),
(3,'dos');
/*!40000 ALTER TABLE `sectormesas` ENABLE KEYS */;

-- 
-- Definition of stock_mp
-- 

DROP TABLE IF EXISTS `stock_mp`;
CREATE TABLE IF NOT EXISTS `stock_mp` (
  `id` int(11) NOT NULL AUTO_INCREMENT,
  `materiaprima_id` int(11) DEFAULT NULL,
  `entrada` decimal(12,2) NOT NULL DEFAULT '0.00',
  `salida` decimal(12,2) NOT NULL DEFAULT '0.00',
  `ajuste` decimal(12,2) NOT NULL DEFAULT '0.00',
  PRIMARY KEY (`id`),
  KEY `materiaprima_id` (`materiaprima_id`),
  CONSTRAINT `stock_mp_ibfk_1` FOREIGN KEY (`materiaprima_id`) REFERENCES `materiasprimas` (`id`) ON DELETE CASCADE ON UPDATE CASCADE
) ENGINE=InnoDB AUTO_INCREMENT=12 DEFAULT CHARSET=utf8;

-- 
-- Dumping data for table stock_mp
-- 

/*!40000 ALTER TABLE `stock_mp` DISABLE KEYS */;
INSERT INTO `stock_mp`(`id`,`materiaprima_id`,`entrada`,`salida`,`ajuste`) VALUES
(1,1,0.00,0.00,0.00),
(2,2,0.00,0.00,0.00),
(3,3,0.00,0.00,0.00),
(4,4,0.00,0.00,0.00),
(5,5,0.00,0.00,0.00),
(6,6,0.00,0.00,0.00),
(7,7,0.00,0.00,0.00),
(8,8,0.00,0.00,0.00),
(9,9,50.00,1.00,0.00),
(10,10,0.00,4000.00,0.00),
(11,11,200.00,3.00,0.00);
/*!40000 ALTER TABLE `stock_mp` ENABLE KEYS */;

-- 
-- Definition of stock_pr
-- 

DROP TABLE IF EXISTS `stock_pr`;
CREATE TABLE IF NOT EXISTS `stock_pr` (
  `id` int(11) NOT NULL AUTO_INCREMENT,
  `producto_id` int(11) DEFAULT NULL,
  `entrada` decimal(12,2) NOT NULL DEFAULT '0.00',
  `salida` decimal(12,2) NOT NULL DEFAULT '0.00',
  `ajuste` decimal(12,2) NOT NULL DEFAULT '0.00',
  PRIMARY KEY (`id`),
  KEY `producto_id` (`producto_id`),
  CONSTRAINT `stock_pr_ibfk_1` FOREIGN KEY (`producto_id`) REFERENCES `productos` (`id`) ON DELETE CASCADE ON UPDATE CASCADE
) ENGINE=InnoDB AUTO_INCREMENT=81 DEFAULT CHARSET=utf8;

-- 
-- Dumping data for table stock_pr
-- 

/*!40000 ALTER TABLE `stock_pr` DISABLE KEYS */;
INSERT INTO `stock_pr`(`id`,`producto_id`,`entrada`,`salida`,`ajuste`) VALUES
(1,100,0.00,1.00,0.00),
(2,156,0.00,13.00,0.00),
(3,117,0.00,9.00,0.00),
(4,123,0.00,11.00,0.00),
(5,174,0.00,221.00,0.00),
(6,171,0.00,414.00,0.00),
(7,172,0.00,185.00,0.00),
(10,173,0.00,142.00,0.00),
(11,157,0.00,16.00,0.00),
(14,125,0.00,1.00,0.00),
(15,175,10.00,0.00,0.00),
(16,168,0.00,1.00,0.00),
(17,170,0.00,1.00,0.00),
(18,155,0.00,5.00,0.00),
(19,97,0.00,12.00,0.00),
(20,96,0.00,20.00,0.00),
(21,122,0.00,34.00,0.00),
(22,129,0.00,2.00,0.00),
(23,121,0.00,22.00,0.00),
(24,136,0.00,10.00,0.00),
(25,93,0.00,2.00,0.00),
(26,94,0.00,1.00,0.00),
(28,101,0.00,1.00,0.00),
(29,108,0.00,1.00,0.00),
(30,162,0.00,1.00,0.00),
(31,160,0.00,3.00,0.00),
(32,166,0.00,2.00,0.00),
(33,98,0.00,1.00,0.00),
(34,102,0.00,2.00,0.00),
(35,124,0.00,4.00,0.00),
(36,118,0.00,6.00,0.00),
(37,119,0.00,10.00,0.00),
(41,178,10.00,0.00,0.00),
(42,190,0.00,239.00,0.00),
(43,161,0.00,84.00,0.00),
(44,192,0.00,32.00,0.00),
(45,149,0.00,7.00,0.00),
(46,197,0.00,8.00,0.00),
(47,201,0.00,2.00,0.00),
(48,163,0.00,4.00,0.00),
(49,141,0.00,2.00,0.00),
(50,147,0.00,5.00,0.00),
(51,191,0.00,15.00,0.00),
(52,180,0.00,9.00,0.00),
(53,99,0.00,9.00,0.00),
(54,208,0.00,2.00,0.00),
(55,138,0.00,2.00,0.00),
(56,207,0.00,11.00,0.00),
(57,145,0.00,2.00,0.00),
(58,146,0.00,2.00,0.00),
(59,128,0.00,2.00,0.00),
(60,212,0.00,2.00,0.00),
(61,152,0.00,2.00,0.00),
(62,214,0.00,8.00,0.00),
(63,110,0.00,1.00,0.00),
(64,181,0.00,1.00,0.00),
(65,95,0.00,1.00,0.00),
(66,107,0.00,4.00,0.00),
(67,133,0.00,2.00,0.00),
(68,104,0.00,1.00,0.00),
(69,139,0.00,2.00,0.00),
(70,196,0.00,4.00,0.00),
(71,130,0.00,6.00,0.00),
(72,154,0.00,10.00,0.00),
(73,189,0.00,1.00,0.00),
(74,111,0.00,2.00,0.00),
(75,103,0.00,2.00,0.00),
(76,209,0.00,2.00,0.00),
(77,116,0.00,3.00,0.00),
(78,151,0.00,2.00,0.00),
(79,153,0.00,2.00,0.00),
(80,211,0.00,1.00,0.00);
/*!40000 ALTER TABLE `stock_pr` ENABLE KEYS */;

-- 
-- Definition of subcategorias
-- 

DROP TABLE IF EXISTS `subcategorias`;
CREATE TABLE IF NOT EXISTS `subcategorias` (
  `id` int(11) NOT NULL AUTO_INCREMENT,
  `nombre` varchar(30) DEFAULT NULL,
  PRIMARY KEY (`id`),
  UNIQUE KEY `nombre_UNIQUE` (`nombre`)
) ENGINE=InnoDB AUTO_INCREMENT=44 DEFAULT CHARSET=utf8;

-- 
-- Dumping data for table subcategorias
-- 

/*!40000 ALTER TABLE `subcategorias` DISABLE KEYS */;
INSERT INTO `subcategorias`(`id`,`nombre`) VALUES
(43,'ALBACORA'),
(39,'BEBIDA'),
(36,'CARNE'),
(37,'CERVEZA'),
(26,'CEVICHE'),
(34,'CHORRILLANA'),
(33,'CHUPE'),
(32,'CONGRIO'),
(42,'DCTO'),
(27,'EMPANADA'),
(41,'HELADO'),
(28,'MARISCO E'),
(35,'MARISCO F'),
(25,'MENU'),
(29,'MERLUZA'),
(40,'OTRO'),
(30,'REINETA'),
(31,'SALMON'),
(38,'TRAGO');
/*!40000 ALTER TABLE `subcategorias` ENABLE KEYS */;

-- 
-- Definition of syncs
-- 

DROP TABLE IF EXISTS `syncs`;
CREATE TABLE IF NOT EXISTS `syncs` (
  `id` int(11) NOT NULL AUTO_INCREMENT,
  `nombre` varchar(50) DEFAULT NULL,
  `sync_id` int(11) NOT NULL DEFAULT '0',
  PRIMARY KEY (`id`)
) ENGINE=InnoDB DEFAULT CHARSET=utf8;

-- 
-- Dumping data for table syncs
-- 

/*!40000 ALTER TABLE `syncs` DISABLE KEYS */;

/*!40000 ALTER TABLE `syncs` ENABLE KEYS */;

-- 
-- Definition of tipo_itemventa
-- 

DROP TABLE IF EXISTS `tipo_itemventa`;
CREATE TABLE IF NOT EXISTS `tipo_itemventa` (
  `id` int(11) NOT NULL AUTO_INCREMENT,
  `nombre` varchar(30) DEFAULT NULL,
  PRIMARY KEY (`id`)
) ENGINE=InnoDB AUTO_INCREMENT=6 DEFAULT CHARSET=utf8;

-- 
-- Dumping data for table tipo_itemventa
-- 

/*!40000 ALTER TABLE `tipo_itemventa` DISABLE KEYS */;
INSERT INTO `tipo_itemventa`(`id`,`nombre`) VALUES
(3,'plato fondo'),
(5,'otro');
/*!40000 ALTER TABLE `tipo_itemventa` ENABLE KEYS */;

-- 
-- Definition of unidades_medida
-- 

DROP TABLE IF EXISTS `unidades_medida`;
CREATE TABLE IF NOT EXISTS `unidades_medida` (
  `id` int(11) NOT NULL AUTO_INCREMENT,
  `nombre` varchar(30) DEFAULT NULL,
  PRIMARY KEY (`id`)
) ENGINE=InnoDB AUTO_INCREMENT=8 DEFAULT CHARSET=utf8;

-- 
-- Dumping data for table unidades_medida
-- 

/*!40000 ALTER TABLE `unidades_medida` DISABLE KEYS */;
INSERT INTO `unidades_medida`(`id`,`nombre`) VALUES
(4,'ml'),
(5,'gr'),
(6,'lt'),
(7,'un');
/*!40000 ALTER TABLE `unidades_medida` ENABLE KEYS */;

-- 
-- Definition of usuarios
-- 

DROP TABLE IF EXISTS `usuarios`;
CREATE TABLE IF NOT EXISTS `usuarios` (
  `id` int(11) NOT NULL AUTO_INCREMENT,
  `nombre` varchar(25) DEFAULT NULL,
  `nombre_usuario` varchar(20) DEFAULT NULL,
  `pass` varchar(256) DEFAULT NULL,
  `tipo` char(1) DEFAULT NULL,
  `config_id` int(11) NOT NULL DEFAULT '1',
  `imagen` varchar(2048) DEFAULT NULL,
  `favorito` tinyint(1) DEFAULT '0',
  PRIMARY KEY (`id`),
  KEY `config_id` (`config_id`),
  CONSTRAINT `usuarios_ibfk_1` FOREIGN KEY (`config_id`) REFERENCES `configs` (`id`) ON UPDATE CASCADE
) ENGINE=InnoDB AUTO_INCREMENT=46 DEFAULT CHARSET=utf8;

-- 
-- Dumping data for table usuarios
-- 

/*!40000 ALTER TABLE `usuarios` DISABLE KEYS */;
INSERT INTO `usuarios`(`id`,`nombre`,`nombre_usuario`,`pass`,`tipo`,`config_id`,`imagen`,`favorito`) VALUES
(22,'Admin','','1144','A',1,'admin.jpg',1),
(30,'cajero','','14','C',1,'admin.jpg',1),
(35,'NAY','NAY','12','G',1,'NAY(2).jpg',1),
(36,'JUANITO','JUANITO','12','G',1,'JUANITO.jpg',1),
(37,'DYLAN','DYLAN','12','G',1,'DYLAN.jpg',1),
(38,'JENY','JENY','12','G',1,'JENY.jpg',1),
(39,'CRISTIAN','CRISTIAN','12','G',1,'CRISTIAN(3).jpg',1),
(40,'PATRICIO','PATRICIO','12','G',1,'PATRICIO.jpg',1),
(41,'DINA','DINA','12','G',1,'DINA.jpg',1),
(42,'RODRIGO','RODRIGO','12','G',1,'RODRIGO.jpg',1),
(43,'EMILIO','EMILIO','12','G',1,'EMILIO.jpg',1),
(44,'LORENA','LORENA','12','G',1,'admin.jpg',1),
(45,'JULIO','JULIO','12','G',1,'default.jpg',1);
/*!40000 ALTER TABLE `usuarios` ENABLE KEYS */;

-- 
-- Definition of ventas_jornada
-- 

DROP TABLE IF EXISTS `ventas_jornada`;
CREATE TABLE IF NOT EXISTS `ventas_jornada` (
  `id` int(11) NOT NULL AUTO_INCREMENT,
  `producto_id` int(11) DEFAULT NULL,
  `promo_id` int(11) DEFAULT NULL,
  `jornada_id` int(11) DEFAULT NULL,
  `cantidad` decimal(12,2) DEFAULT NULL,
  `cobro_extra` int(11) NOT NULL DEFAULT '0',
  PRIMARY KEY (`id`),
  KEY `producto_id` (`producto_id`),
  KEY `jornada_id` (`jornada_id`),
  KEY `ventas_jornada_ibfk_2` (`promo_id`),
  CONSTRAINT `ventas_jornada_ibfk_1` FOREIGN KEY (`producto_id`) REFERENCES `productos` (`id`) ON DELETE CASCADE ON UPDATE CASCADE,
  CONSTRAINT `ventas_jornada_ibfk_3` FOREIGN KEY (`jornada_id`) REFERENCES `jornadas` (`id`) ON DELETE CASCADE ON UPDATE CASCADE,
  CONSTRAINT `ventas_jornada_ibfk_4` FOREIGN KEY (`promo_id`) REFERENCES `promociones` (`id`) ON DELETE CASCADE ON UPDATE CASCADE
) ENGINE=InnoDB AUTO_INCREMENT=189 DEFAULT CHARSET=utf8;

-- 
-- Dumping data for table ventas_jornada
-- 

/*!40000 ALTER TABLE `ventas_jornada` DISABLE KEYS */;
INSERT INTO `ventas_jornada`(`id`,`producto_id`,`promo_id`,`jornada_id`,`cantidad`,`cobro_extra`) VALUES
(1,100,NULL,132,1.00,0),
(2,156,NULL,132,7.00,0),
(3,117,NULL,132,6.00,0),
(4,123,NULL,132,11.00,0),
(5,174,NULL,132,66.00,0),
(6,171,NULL,132,56.00,0),
(7,172,NULL,132,60.00,0),
(10,173,NULL,132,66.00,0),
(11,157,NULL,132,4.00,0),
(14,125,NULL,132,1.00,0),
(15,168,NULL,132,1.00,0),
(16,170,NULL,132,1.00,0),
(17,155,NULL,132,5.00,0),
(18,97,NULL,132,1.00,0),
(19,96,NULL,132,2.00,0),
(20,122,NULL,132,26.00,0),
(21,129,NULL,132,2.00,0),
(22,121,NULL,132,8.00,0),
(23,136,NULL,132,10.00,0),
(24,93,NULL,132,2.00,0),
(25,94,NULL,132,1.00,0),
(27,101,NULL,132,1.00,0),
(28,108,NULL,132,1.00,0),
(29,162,NULL,132,1.00,0),
(30,160,NULL,132,2.00,0),
(31,166,NULL,132,1.00,0),
(32,98,NULL,132,1.00,0),
(33,102,NULL,132,1.00,0),
(34,124,NULL,132,2.00,0),
(35,118,NULL,132,2.00,0),
(36,119,NULL,132,2.00,0),
(39,174,NULL,133,4.00,0),
(45,172,NULL,133,2.00,0),
(46,171,NULL,133,2.00,0),
(48,172,NULL,134,2.00,0),
(50,97,NULL,134,6.00,0),
(54,173,NULL,135,4.00,0),
(55,172,NULL,135,6.00,0),
(56,171,NULL,135,14.00,0),
(58,174,NULL,135,3.00,0),
(59,96,NULL,136,1.00,0),
(60,172,NULL,136,16.00,0),
(61,173,NULL,136,10.00,0),
(62,190,NULL,136,16.00,0),
(63,174,NULL,136,20.00,0),
(64,171,NULL,136,41.00,0),
(65,161,NULL,136,19.00,0),
(66,192,NULL,136,6.00,0),
(67,149,NULL,136,3.00,0),
(68,197,NULL,136,2.00,0),
(69,102,NULL,136,1.00,0),
(70,201,NULL,136,1.00,0),
(71,163,NULL,136,2.00,0),
(72,141,NULL,136,2.00,0),
(73,147,NULL,136,2.00,0),
(74,171,NULL,138,29.00,0),
(75,161,NULL,138,4.00,0),
(76,174,NULL,138,20.00,0),
(77,190,NULL,138,29.00,0),
(78,191,NULL,138,3.00,0),
(79,166,NULL,138,1.00,0),
(80,173,NULL,138,6.00,0),
(81,172,NULL,138,22.00,0),
(82,96,NULL,138,3.00,0),
(83,97,NULL,138,2.00,0),
(84,156,NULL,138,3.00,0),
(85,192,NULL,138,1.00,0),
(86,180,NULL,138,4.00,0),
(87,99,NULL,138,1.00,0),
(88,157,NULL,138,2.00,0),
(89,208,NULL,138,1.00,0),
(90,171,NULL,139,21.00,0),
(91,161,NULL,139,3.00,0),
(92,174,NULL,139,15.00,0),
(93,190,NULL,139,19.00,0),
(94,192,NULL,139,3.00,0),
(95,149,NULL,139,2.00,0),
(96,138,NULL,139,2.00,0),
(97,172,NULL,139,4.00,0),
(98,191,NULL,139,3.00,0),
(99,96,NULL,139,1.00,0),
(100,99,NULL,139,1.00,0),
(101,207,NULL,139,1.00,0),
(102,145,NULL,139,2.00,0),
(103,173,NULL,139,2.00,0),
(104,146,NULL,139,2.00,0),
(105,171,NULL,140,128.00,0),
(106,190,NULL,140,88.00,0),
(107,172,NULL,140,37.00,0),
(108,174,NULL,140,52.00,0),
(109,124,NULL,140,2.00,0),
(110,128,NULL,140,2.00,0),
(111,192,NULL,140,14.00,0),
(112,212,NULL,140,2.00,0),
(113,152,NULL,140,2.00,0),
(114,207,NULL,140,10.00,0),
(115,96,NULL,140,3.00,0),
(116,122,NULL,140,3.00,0),
(117,173,NULL,140,27.00,0),
(118,161,NULL,140,18.00,0),
(119,180,NULL,140,4.00,0),
(120,157,NULL,140,7.00,0),
(121,191,NULL,140,3.00,0),
(122,214,NULL,140,6.00,0),
(123,208,NULL,140,1.00,0),
(124,110,NULL,140,1.00,0),
(125,121,NULL,140,6.00,0),
(126,197,NULL,140,2.00,0),
(127,181,NULL,140,1.00,0),
(128,95,NULL,140,1.00,0),
(129,107,NULL,140,1.00,0),
(130,119,NULL,140,3.00,0),
(131,117,NULL,140,3.00,0),
(132,133,NULL,140,2.00,0),
(133,99,NULL,140,1.00,0),
(134,104,NULL,140,1.00,0),
(135,139,NULL,140,2.00,0),
(136,196,NULL,140,2.00,0),
(137,130,NULL,140,4.00,0),
(138,163,NULL,140,2.00,0),
(139,160,NULL,140,1.00,0),
(140,118,NULL,140,2.00,0),
(141,174,NULL,141,24.00,0),
(142,171,NULL,141,67.00,0),
(143,190,NULL,141,39.00,0),
(144,97,NULL,141,3.00,0),
(145,161,NULL,141,27.00,0),
(146,173,NULL,141,12.00,0),
(147,99,NULL,141,6.00,0),
(148,172,NULL,141,13.00,0),
(149,191,NULL,141,5.00,0),
(150,96,NULL,141,10.00,0),
(151,121,NULL,141,6.00,0),
(152,154,NULL,141,4.00,0),
(153,119,NULL,141,2.00,0),
(154,196,NULL,141,2.00,0),
(155,157,NULL,141,1.00,0),
(156,189,NULL,141,1.00,0),
(157,180,NULL,141,1.00,0),
(158,197,NULL,141,4.00,0),
(159,192,NULL,141,4.00,0),
(160,118,NULL,141,2.00,0),
(161,149,NULL,141,2.00,0),
(162,111,NULL,141,2.00,0),
(163,103,NULL,141,2.00,0),
(164,107,NULL,141,3.00,0),
(165,122,NULL,141,5.00,0),
(166,130,NULL,141,2.00,0),
(167,214,NULL,141,2.00,0),
(168,209,NULL,141,1.00,0),
(169,156,NULL,141,3.00,0),
(170,190,NULL,142,48.00,0),
(171,171,NULL,142,56.00,0),
(172,174,NULL,142,17.00,0),
(173,191,NULL,142,1.00,0),
(174,116,NULL,142,3.00,0),
(175,157,NULL,142,2.00,0),
(176,161,NULL,142,13.00,0),
(177,172,NULL,142,23.00,1500),
(178,173,NULL,142,15.00,0),
(179,192,NULL,142,4.00,0),
(180,154,NULL,142,6.00,0),
(181,147,NULL,142,3.00,0),
(182,119,NULL,142,3.00,0),
(183,151,NULL,142,2.00,0),
(184,153,NULL,142,2.00,0),
(185,121,NULL,142,2.00,0),
(186,209,NULL,142,1.00,0),
(187,211,NULL,142,1.00,0),
(188,201,NULL,142,1.00,0);
/*!40000 ALTER TABLE `ventas_jornada` ENABLE KEYS */;


/*!40101 SET SQL_MODE=@OLD_SQL_MODE */;
/*!40014 SET FOREIGN_KEY_CHECKS=@OLD_FOREIGN_KEY_CHECKS */;
/*!40014 SET UNIQUE_CHECKS=@OLD_UNIQUE_CHECKS */;
/*!40101 SET CHARACTER_SET_CLIENT=@OLD_CHARACTER_SET_CLIENT */;
/*!40101 SET CHARACTER_SET_RESULTS=@OLD_CHARACTER_SET_RESULTS */;
/*!40101 SET COLLATION_CONNECTION=@OLD_COLLATION_CONNECTION */;
/*!40111 SET SQL_NOTES=@OLD_SQL_NOTES */;


-- Dump completed on 2018-05-12 19:16:27
-- Total time: 0:0:0:0:338 (d:h:m:s:ms)
